title;address;"CONCAT(pe.phone, ' ')";director;department
"Муниципальное бюджетное общеобразовательное учреждение городского округа Тольятти ""Лицей № 6 имени Героя Советского Союза Александра Матвеевича Матросова"" ";"445012 г. Тольятти, ул. Мурысева, 61";24-26-53  ;Мицук Елена Юрьевна;Департамент образования
"Муниципальное бюджетное общеобразовательное учреждение городского округа Тольятти ""Школа №11 имени Героя Социалистического Труда Н.В. Разина""";"445013 г. Тольятти, Майский проезд, 7";97-52-70 97-49-09 ;Якунина Лариса Владимировна;Департамент образования
"Муниципальное бюджетное общеобразовательное учреждение городского округа Тольятти ""Школа № 14"" ";"445041 г. Тольятти, ул. Куйбышева, 24";45-16-02 45-16-31  ;Захарова Ирина Владимировна ;Департамент образования
"Муниципальное бюджетное общеобразовательное учреждение городского округа Тольятти ""Школа № 15 имени Героя Советского Союза Викторова Константина Николаевича» ";"445015 г. Тольятти, ул. Никонова, 18 ";45-20-29 45-19-22  ;Евменов Вадим Николаевич;Департамент образования
"Муниципальное бюджетное общеобразовательное учреждение городского округа Тольятти ""Школа № 25 имени Заслуженного строителя Российской Федерации В.М. Саяпина""  ";"445052 г. Тольятти, ул. 60 лет СССР, 14";48-83-43 40-50-90 ;Илюшкина Валентина Ивановна;Департамент образования
"Муниципальное бюджетное общеобразовательное учреждение городского округа Тольятти ""Классическая гимназия № 39 имени Героя Советского Союза Василия Филипповича Маргелова"" ";"445008 г. Тольятти, ул. Громовой, 38";24-01-28 24-42-33 ;Терлецкая Татьяна Леонидовна;Департамент образования
"Муниципальное бюджетное общеобразовательное учреждение городского округа Тольятти  ""Лицей № 60"" ";"445046 г. Тольятти, ул. Есенина, 18";24-12-31  ;Косова Татьяна Юрьевна;Департамент образования
"Муниципальное бюджетное общеобразовательное учреждение городского округа Тольятти ""Школа № 75 имени И.А. Красюка"" ";"445005 г. Тольятти, ул. Гидротехническая, 31 ";45-06-11  ;Гервасьева Светлана Александровна;Департамент образования
"Муниципальное бюджетное общеобразовательное учреждение городского округа Тольятти ""Школа №80 имени Героя Социалистического Труда А.С. Мурысева""";"445046 г. Тольятти, ул. Мурысева, 49";24-57-84 24-51-87  ;Бабий Светлана Вениаминовна ;Департамент образования
Муниципальное бюджетное учреждение дополнительного образования спортивная школа олимпийского резерва № 5 «Спортивная борьба» городского округа Тольятти;"445012 г. Тольятти, ул.Коммунистическая, 45-а";24-63-97 ;Капралов Валерий Анатольевич;Департамент физической культуры и спорта
Муниципальное бюджетное уреждение дополнительного образования спортивная школа олимпийского резерва № 7 «Акробат» городского округа Тольятти;"445012 г. Тольятти, ул. Матросова, 5 а";75-52-29 24-14-53 24-87-93  ;Решетникова Светлана Васильевна;Департамент физической культуры и спорта
Муниципальное бюджетное учреждение дополнительного образования спортивная школа олимпийского резерва № 11 «Бокс» городского округа Тольятти;"445046 г. Тольятти, ул. Лесная, д. 60";22-64-55 25-50-87 ;Купаев Александр Атькалиевич;Департамент физической культуры и спорта
Муниципальное бюджетное образовательное учреждение дополнительного образования «Родник» городского округа Тольятти;"445008 г. Тольятти, ул. Л. Чайкиной, 69 а";24-14-15  ;Ширяева Светлана Геннадьевна;Департамент образования
"Муниципальное бюджетное образовательное учреждение дополнительного образования ""Дом учащейся молодежи ""Мечта"" городского округа Тольятти";"445005 г. Тольятти, ул. Гидротехническая, 37";45-18-77  ;Хмель Татьяна Александровна ;Департамент образования
Муниципальное бюджетное образовательное учреждение дополнительного образования детей Дом учащейся молодежи «Икар» городского округа Тольятти;"445015 г. Тольятти, ул. Носова, 21";45-02-52 ;Кирдянова Анна Александровна;Департамент образования
Муниципальное бюджетное образовательное учреждение дополнительного образования «Гранит» городского округа Тольятти;"445013 г. Тольятти, ул Телеграфная, 4";97-52-46 ;Завьялов Павел Алексеевич;Департамент образования
"Муниципальное бюджетное образовательное учреждение дополнительного образования ""Гуманитарный центр интеллектуального развития"" городского округа Тольятти";"445012 г. Тольятти, ул Чайкиной, 87";37-94-99 ;Хаирова Анастасия Викторовна;Департамент образования
"Муниципальное бюджетное дошкольное образовательное учреждение детский сад №16 ""Машенька"" городского округа Тольятти";"445005 г. Тольятти, ул. Гидротехническая, 21";45-12-96  ;Захарьева Алия Джафаровна;Департамент образования
Муниципальное бюджетное дошкольное образовательное учреждение детский сад № 23 «Волжские капельки» городского округа Тольятти;"445005 г. Тольятти, ул. Шлюзовая, 37";45-16-74 ;Жаборовская Людмила Николаевна;Департамент образования
Муниципальное бюджетное дошкольное образовательное учреждение детский сад № 33 «Мечта» городского округа Тольятти;"445046 г. Тольятти, ул. Мурысева, 47 ";24-55-74 24-05-63  ;Мартынова Елена Александровна;Департамент образования
"Муниципальное автономное дошкольное образовательное учреждение детский сад  № 69 ""Веточка"" городского округа Тольятти";"445012 г. Тольятти, ул. Матросова, 26 ";24-61-09  ;Грекова Екатерина Александровна ;Департамент образования
"Муниципальное бюджетное дошкольное образовательное учреждение детский сад № 125 ""Росточек"" городского округа Тольятти";"445041 г. Тольятти, ул. Железнодорожная, 7";45-01-85  ;Щеглова Светлана Анатольевна;Департамент образования
"Муниципальное бюджетное дошкольное образовательное учреждение детский сад  № 138 ""Дубравушка"" городского округа Тольятти";"445052 г.Тольятти ул. Полевая, 20";48-78-79  ;Вершинина Елена Васильевна;Департамент образования
"Муниципальное бюджетное дошкольное образовательное учреждение детский сад № 147 ""Сосенка"" городского округа Тольятти";"445046 г. Тольятти, ул. Громовой, 2";24-50-30 ;Ибрагимова Халида Мязгутовна;Департамент образования
"Муниципальное бюджетное дошкольное образовательное учреждение детский сад № 162  ""Олимпия"" городского округа Тольятти";"445046 г. Тольятти, ул Коммунистическая, 2";24-34-70 ;Пунченко Светлана Аркадьевна;Департамент образования
"Муниципальное бюджетное дошкольное образовательное учреждение детский сад №196 ""Маячок"" городского округа Тольятти ";"445012 г. Тольятти, ул. Коммунистическая, 32";24-62-59  ;Лаврова Светлана Анатольевна;Департамент образования
"Муниципальное бюджетное дошкольное образовательное учреждение детский сад № 199 ""Муравьишка"" городского округа Тольятти";"445041 г. Тольятти, ул. Гидротехническая, 8"; 97-44-70 ;Панкова Людмила Семеновна;Департамент образования
Муниципальное бюджетное учреждение культуры городского округа Тольятти «Досуговый центр «Русич»;"445015 г. Тольятти, ул. Носова, д.10";41-25-46 41-23-22 41-24-29 77-25-46 ;Бобылева Надежда Александровна;Департамент культуры
Муниципальное бюджетное учреждение искусства городского округа Тольятти «Молодежный драматический театр»;"445008 г. Тольятти, ул. Л.Чайкиной, д.65";75-63-67 49-03-48 24-24-96 24-23-73 24-51-47 ;Коренной Владимир Лукич;Департамент культуры
Муниципальное бюджетное учреждение дополнительного образования Центр развития творчества детей и юношества «Истоки» городского округа Тольятти;"445092, г.Тольятти, пос.Поволжский, ул. 60 лет СССР, д.17 ";57-00-61 ;Кормишин Василий Александрович;Департамент культуры
Муниципальное бюджетное учреждение дополнительного образования детская школа искусств № 1 городского округа Тольятти;"445015 г. Тольятти, ул. Шлюзовая, д.3";45-31-21  ;Лапин Владимир Иванович;Департамент культуры
Муниципальное бюджетное учреждение дополнительного образования детская школа искусств имени М.А. Балакирева городского округа Тольятти;"445012 г. Тольятти, ул. Мурысева, д.89-а";24-34-89  ;Нуждина Ольга Владимировна;Департамент культуры
Муниципальное предприятие г.Тольятти «Управляющая компания № 4»;"445008 г.Тольятти, ул. Л.Чайкиной, д. 52";24-51-73 24-62-91 24-53-42 65-00-04 ;Конкурсный управляющий Саляева Елена Наильевна;Департамент городского хозяйства
Муниципальное предприятие «Тольяттинское пассажирское автотранспортное предприятие № 3»;"445046 г. Тольятти, ул. Громовой, д. 51";"97-56-67, 97-52-67  ";Башмаков Олег Михайлович;Департамент дорожного хозяйства и транспорта
"Муниципальное бюджетное общеобразовательное учреждение городского округа Тольятти ""Школа № 1 имени Виктора Носова""";"445054 г. Тольятти, ул. Мира, 121";26-81-86  ;Афанасьева Любовь Михайловна;Департамент образования
"Муниципальное бюджетное общеобразовательное учреждение городского округа Тольятти ""Школа № 2 имени Героя Социалистического Труда И.В. Комзина""";"445015 г. Тольятти, ул. Севастопольская, 1";45-21-91  ;Тихонова Надежда Федоровна;Департамент образования
"Муниципальное бюджетное общеобразовательное учреждение городского округа Тольятти ""Школа № 3"" ";"445007 г. Тольятти, ул. 50 лет Октября, 61";22-06-68 22-36-27  ;Кутепова Ольга Евгеньевна;Департамент образования
"Муниципальное бюджетное общеобразовательное учреждение городского округа Тольятти ""Школа № 4 имени Н.В. Абрамова""";"445008 г. Тольятти, ул. М. Горького, 88";25-12-87 22-09-54 22-54-74 ;Гашнева Ирина Владимировна;Департамент образования
"Муниципальное бюджетное общеобразовательное учреждение городского округа Тольятти ""Школа № 5 имени генерала-майора М.Ф. Федорова"" ";"445019 г. Тольятти, ул. М. Горького, 39";22-04-60  ;Матвеева Юлия Михайловна;Департамент образования
Муниципальное бюджетное общеобразовательное учреждение городского округа Тольятти «Гимназия № 9 имени Александра Николаевича Наумова»;"445023 г. Тольятти, ул. Баныкина, 22";26-04-88 26-23-90 ;Бакулина Татьяна Николаевна;Департамент образования
"Муниципальное бюджетное общеобразовательное учреждение городского округа Тольятти ""Школа с углубленным изучением отдельных предметов № 10"" ";"445020 г. Тольятти, ул. Ленинградская, 33 а";40 33 16 ;Жилкина Елена Александровна;Департамент образования
"Муниципальное бюджетное общеобразовательное учреждение городского округа Тольятти ""Школа № 13 имени Бориса Борисовича Левицкого""";"445018 г. Тольятти, Молодежный бульвар, 8";25-11-65 22-38-84 95-00-35 ;И.о. директора Иванов Валерий Владимирович;Департамент образования
"Муниципальное бюджетное общеобразовательное учреждение городского округа Тольятти ""Школа с углубленным изучением отдельных предметов №16 имени Н.Ф. Семизорова""";"445020 г. Тольятти, ул. Баныкина, 4";"31-88-80, 31-88-81  ";Афонин Олег Александрович;Департамент образования
"Муниципальное бюджетное общеобразовательное учреждение городского округа Тольятти ""Лицей № 19""";"445023 г. Тольятти, ул. Карла Маркса, 59";28-05-73 48-72-45 ;Кизилов Денис Сергеевич;Департамент образования
"Муниципальное бюджетное общеобразовательное учреждение городского округа Тольятти ""Школа № 20 имени Героя Советского Союза Д.М. Карбышева"" ";"445017 г. Тольятти, ул. Голосова, 83";26-33-53  ;Солодовникова Оксана Николаевна;Департамент образования
"Муниципальное бюджетное общеобразовательное учреждение городского округа Тольятти ""Школа с углубленным изучением отдельных предметов № 21"" ";"445004 г. Тольятти, ул.50 лет Октября, 23";22-69-01 70-99-11 ;Скопцова Людмила Александровна;Департамент образования
"Муниципальное бюджетное общеобразовательное учреждение городского округа Тольятти ""Школа №23 имени Пальмиро Тольятти""";"445010 г. Тольятти, ул. Ставропольская, 19";31-88-04 ; Бутина Ольга Егоровна;Департамент образования
"Муниципальное бюджетное общеобразовательное учреждение городского округа Тольятти ""Школа № 26 имени героя Советского Союза В.И. Жилина""";"445023 г. Тольятти, ул. Баныкина, 12";48-44-72 48-02-67 ;Афонина Ирина Ивановна;Департамент образования
"Муниципальное бюджетное общеобразовательное учреждение городского округа Тольятти ""Школа с углубленным изучением отдельных предметов № 91 имени героя Великой Отечественной войны Федора Ларина»""";"445004 г. Тольятти, ул. Л. Толстого, 26 а";25-25-09 ;Пензилова Анастасия Павловна;Департамент образования
"Муниципальное казенное образовательное учреждение дополнительного профессионального образования ""Ресурсный центр"" городского округа Тольятти";"445017 г. Тольятти, ул Мира, 116";28-59-04 28-59-01 28-58-83 ;Сергеева Ольга Александровна;Департамент образования
Муниципальное бюджетное учреждение дополнительного образования спортивная школа олимпийского резерва № 3 «Легкая атлетика» городского округа Тольятти;"445019 г. Тольятти, ул. Республиканская, д. 1";48-28-50 ;Моталова Елена Васильевна;Департамент физической культуры и спорта
Муниципальное бюджетное учреждение дополнительного образования спортивная школа олимпийского резерва № 9 «Велотол» городского округа Тольятти;"445050 г. Тольятти, ул. Строителей, 12 а";28-05-31 ;Лаптева Анна Александровна;Департамент физической культуры и спорта
Муниципальное бюджетное учреждение спортивная школа олимпийского резерва № 14 «Жигули» городского округа Тольятти;"445003 г. Тольятти, Комсомольское шоссе, 26";57-00-51 ;И.о. директора Горячева Елена Александровна;Департамент физической культуры и спорта
"Муниципальное бюджетное образовательное учреждение дополнительного образования ""Детский морской центр имени Героя Советского Союза Е.А. Никонова"" городского округа Тольятти";"445020 г. Тольятти, ул. Тухачевского, 6";28-04-11 ;Исаков Артем Петрович;Департамент образования
"Муниципальное бюджетное образовательное учреждение дополнительного образования ""Дворец творчества детей и молодежи"" городского округа Тольятти";"445009 г. Тольятти, ул. Комсомольская, 78";26-52-20  ;Скрипинская Любовь Викторовна;Департамент образования
Муниципальное бюджетное образовательное учреждение дополнительного образования «Диалог» городского округа Тольятти;"445020 г. Тольятти, ул Советская, 51а";48-69-63 48-69-44 34-33-89 ;Муравьева Людмила Александровна ;Департамент образования
"Муниципальное бюджетное дошкольное образовательное учреждение детский сад № 2 ""Золотая искорка"" городского округа Тольятти";"445022 г. Тольятти, ул. Ленина, 45";22-84-91  ;Новикова Ульяна Месафовна;Департамент образования
Муниципальное бюджетное дошкольное образовательное учреждение детский сад № 5 «Филиппок» городского округа Тольятти;"445054 г. Тольятти, ул. Мира, 105";26-04-53 ;Амплеева Галина Владимировна;Департамент образования
"Муниципальное автономное дошкольное образовательное учреждение детский сад № 27 ""Лесовичок"" городского округа Тольятти";"445004 г. Тольятти, ул. 50 лет Октября, 21 ";22-61-39  ;Макеева Елена Викторовна ;Департамент образования
Муниципальное бюджетное дошкольное образовательное учреждение детский сад № 28 «Ромашка» городского округа Тольятти;"445010 г. Тольятти, ул. Ленинградская, 38";28-33-59  ;Елизарова Ирина Владимировна;Департамент образования
"Муниципальное бюджетное дошкольное образовательное учреждение детский сад № 43 ""Гнездышко"" городского округа Тольятти";"445017 г. Тольятти, ул Гагарина, 12";79-92-02 ;Донькина Наталья Михайловна;Департамент образования
Муниципальное бюджетное дошкольное образовательное учреждение детский сад № 45 «Яблонька» городского округа Тольятти;"445017 г. Тольятти, ул. Комсомольская, 141";22-25-88  ;Безрукова Лариса Васильевна;Департамент образования
"Муниципальное бюджетное дошкольное образовательное учреждение детский сад № 48 ""Дружная семейка"" городского округа Тольятти";"445019 г. Тольятти, ул. М. Горького, 56";77-47-59 ;Лонеева Татьяна Викторовна;Департамент образования
"Муниципальное автономное  дошкольное образовательное учреждение детский сад № 49  ""Весёлые нотки"" городского округа Тольятти";"445035 г. Тольятти, ул. Мира, 156";26-14-95 26-14-88  ;Кирсанова Татьяна Витальевна;Департамент образования
Муниципальное бюджетное дошкольное образовательное учреждение детский сад № 50 «Синяя птица» городского округа Тольятти;"445020 г. Тольятти, ул. Советская, 81 а";31-77-09 ;Рузанова Ирина Анатольевна;Департамент образования
"Муниципальное бюджетное дошкольное образовательное учреждение детский сад № 51 ""Чиполлино"" городского округа Тольятти";"445017 г. Тольятти, ул. Победы, 54";26-17-47 ;Степанова Вера Николаевна;Департамент образования
Муниципальное бюджетное дошкольное образовательное учреждение детский сад № 53 «Чайка» городского округа Тольятти;"445010 г. Тольятти, ул. Мира, 10";63-85-46 48-05-18  ;Степанова Светлана Леонидовна;Департамент образования
Муниципальное бюджетное дошкольное образовательное учреждение детский сад № 54 «Аленка» городского округа Тольятти;"445021 г. Тольятти, ул. Голосова, 101";26-60-27  ;Галкина Антонина Сергеевна;Департамент образования
Муниципальное бюджетное дошкольное образовательное учреждение детский сад № 56 «Красная гвоздика» городского округа Тольятти;"445020 г. Тольятти, ул. Ушакова, 50 ";48-28-91  ;Сандрацкая Екатерина Васильевна ;Департамент образования
Муниципальное бюджетное дошкольное образовательное учреждение детский сад № 76 «Куколка» городского округа Тольятти;"445017 г. Тольятти, ул. Победы, 76";26-17-79  ;Лапина Наталья Геннадьевна;Департамент образования
Муниципальное бюджетное дошкольное образовательное учреждение детский сад № 90 «Золотое зернышко» городского округа Тольятти;"445004 г. Тольятти, ул. 50 лет Октября, 17";31-63-95 ;Усова Лариса Анатольевна;Департамент образования
Муниципальное бюджетное дошкольное образовательное учреждение детский сад № 93 «Мишутка» городского округа Тольятти;"445021 г. Тольятти, ул Мира, 81";26-11-88  ;Резник Лилия Ишбулдыновна;Департамент образования
"Муниципальное бюджетное дошкольное образовательное учреждение детский сад № 100 ""Островок"" городского округа Тольятти";"445011 г. Тольятти, ул. Ставропольская, 102";48-11-98  ;Мамуткина Елена Николаевна;Департамент образования
"Муниципальное бюджетное дошкольное образовательное учреждение детский сад №104  ""Соловушка"" городского округа Тольятти";"445009 г. Тольятти, ул. Шлютова, 130";22-54-78 ;Кичатова Ольга Анатольевна;Департамент образования
"Муниципальное бюджетное дошкольное образовательное учреждение детский сад № 110 ""Белоснежка"" городского округа Тольятти";"445023 г. Тольятти, Бульвар Ленина, 17";26-04-16 ;Тимошкова Татьяна Андреевна;Департамент образования
Муниципальное бюджетное учреждение культуры городского округа Тольятти «Тольяттинский художественный музей»;"445023 г. Тольятти, бульвар Ленина, д.22";40-30-98 48-20-89  70-30-98 ;Баранова Марина  Викторовна ;Департамент культуры
Муниципальное казенное учреждение «Центр организации дорожного движения городского округа Тольятти»;"445010 г. Тольятти, ул.Мира, д.33";48-25-10 ;Ященко Денис Сергеевич;Департамент дорожного хозяйства и транспорта
Муниципальное бюджетное учреждение дополнительного образования спортивная школа олимпийского резерва № 6 «Теннис» городского округа Тольятти;"445021 г. Тольятти, ул. Баныкина, д.19-А";40-16-03 40-16-01 40-16-02 ;Зимин Андрей Владимирович;Департамент физической культуры и спорта
"Муниципальное автономное образовательно-оздоровительное учреждение ""Пансионат ""Радуга"" городского округа Тольятти";"445011 г. Тольятти, Лесопарковое шоссе, 36";48-98-42  ;Микель Елизавета Борисовна;Департамент образования
Муниципальное бюджетное учреждение дополнительного образования детская художественная школа № 1 городского округа Тольятти;"445004 г. Тольятти, ул. Лесная, д.46 ";22-60-04  ;Кругляков Вячеслав Георгиевич ;Департамент культуры
Муниципальное  бюджетное  учреждение  культуры городского округа Тольятти «Городской музейный комплекс «Наследие (экомузей)»;"445011 г. Тольятти, ул. Советская, д.39";48-72-85 48-73-02 ;Клевакина Елена Ивановна;Департамент культуры
"Муниципальное автономное учреждение искусства городского округа Тольятти ""Драматический театр ""Колесо"" имени народного артиста России Глеба Борисовича Дроздова""";"445020 г. Тольятти, ул. Ленинградская, д.31";55-52-05 ;Тиунов Вячеслав Владимирович;Департамент культуры
Муниципальное бюджетное учреждение искусства городского округа Тольятти «Тольяттинский театр кукол»;"445023, г. Тольятти, Площадь Свободы, д.2 ";28-20-82 28-00-17 48-28-03 28-35-83 55-81-55 ;Булюкина Надежда Валентиновна;Департамент культуры
Муниципальное бюджетное учреждение дополнительного образования спортивная школа олимпийского резерва № 2 «Ювента» городского округа Тольятти;"445000 г.Тольятти, ул. Жукова, д.13-Б ";69-23-77 ;Иванина Наталья Николаевна;Департамент физической культуры и спорта
Муниципальное бюджетное учреждение городского округа Тольятти «Архитектура и градостроительство»;"445021 г. Тольятти, ул. Победы, д.52";26-24-40  ;Керасирова Татьяна Ивановна;Департамент градостроительной деятельности
Муниципальное бюджетное учреждение культуры городского округа Тольятти «Тольяттинский краеведческий музей»;"445023 г. Тольятти, бульвар Ленина, д.22 ";48-35-74 48-45-15 48-55-68 ;Ланкова Наталья Михайловна;Департамент культуры
Муниципальное бюджетное учреждение культуры городского округа Тольятти «Объединение детских библиотек»;"445019 г. Тольятти,ул. М. Горького, д.42";22-37-27  ;Ухова Вера Александровна;Департамент культуры
"Муниципальное автономное учреждение городского округа Тольятти ""Многофункциональный центр предоставления государственных и муниципальных услуг""";"445010 г. Тольятти, ул. Советская, д.51-А";52-50-50  ;Рослякова Елена Владимировна;Департамент информационных технологий и связи
Муниципальное бюджетное образовательное учреждение высшего образования городского округа Тольятти «Тольяттинская консерватория»;"445017 г. Тольятти, ул.Победы, д.46";26-37-53 26-24-26 26-37-35 48-36-05 ;"";Департамент культуры
Муниципальное бюджетное учреждение спортивная школа олимпийского резерва № 4 «Шахматы» городского округа Тольятти;"445009 г.Тольятти, ул. Революционная, д.11";27-02-39 ;Салахова Гульнара Равильевна;Департамент физической культуры и спорта
"Муниципальное бюджетное учреждение дополнительного образования спортивная школа олимпийского резерва № 1 ""Лыжные гонки"" городского округа Тольятти";"445011 г.Тольятти, ул.Родины, д. 5";28-88-94 76-65-40 ;Халаман Дмитрий Иванович ;Департамент физической культуры и спорта
Муниципальное бюджетное учреждение дополнительного образования детская музыкальная школа № 3 городского округа Тольятти;"445023 г. Тольятти, ул. Жилина, д.5";48-63-84 28-35-81 28-32-60 ;Шлыков Виктор Петрович;Департамент культуры
Муниципальное бюджетное учреждение городского округа Тольятти многофункциональный молодежный центр «Шанс»;"445054 г. Тольятти, ул.Баныкина, д. 38";55-87-64 ;Штангрет Татьяна Александровна;Департамент образования
Муниципальное бюджетное учреждение культуры городского округа Тольятти «Библиотеки Тольятти»;"445023 г. Тольятти, бульвар Ленина, д.10 ";26-77-33 26-82-86  ;Юсупова Валентина Алексеевна ;Департамент культуры
Муниципальное унитарное предприятие городского округа Тольятти Пансионат «Звездный»;"445003 г.Тольятти, Лесопарковое шоссе, д. 85";55-16-16 ;Рамазашвили Надежда Константиновна;Департамент образования
Муниципальное предприятие бытового обслуживания городского округа Тольятти Баня № 1;"445011 г. Тольятти, ул. Ставропольская, д.41";28-01-17  ;Радченко Игорь Сергеевич;Управление потребительского рынка
Муниципальное унитарное предприятие «Спецкомбинат ритуальных услуг» городского округа Тольятти;"445019 г. Тольятти, ул. Чапаева, д.81 ";28-33-23 22-04-48  ;Павлов Николай Николаевич;Департамент городского хозяйства
"Муниципальное автономное учреждение городского округа Тольятти ""Культурно-досуговый центр ""Буревестник""";"445011 г. Тольятти, ул. К. Маркса, 27";93-01-66 ;Алексеев Андрей Анатольевич;Департамент культуры
Муниципальное бюджетное учреждение городского округа Тольятти «Зеленстрой»;"г. Тольятти, Ул. Октябрьская, 6 ";22-07-82 22-94-63  ;Огиванов Дмитрий Геннадьевич;Департамент городского хозяйства
"Муниципальное бюджетное общеобразовательное учреждение городского округа Тольятти ""Школа № 28"" ";"445026 г. Тольятти, бульвар Баумана, 3";37-30-66  ;Маряшова Анна Викторовна;Департамент образования
"Муниципальное бюджетное общеобразовательное учреждение городского округа Тольятти ""Школа с углубленным изучением отдельных предметов  № 31""  ";"445032 г. Тольятти, Бульвар Кулибина, 13";37-79-79  ;Трунькина Алла Евгеньевна;Департамент образования
"Муниципальное бюджетное общеобразовательное учреждение городского округа Тольятти ""Школа № 32 имени Сергея Ткачева"" ";"445027 г. Тольятти, Бульвар Буденного, 12";35-97-03  ;Федорахина Ольга Вячеславовна;Департамент образования
"Муниципальное бюджетное общеобразовательное учреждение городского округа Тольятти ""Школа № 33 имени Г.Н. Гершензона""  ";"445027 г. Тольятти, Бульвар Буденного, 9";35-22-73 35-22-53 ;Гусева Лариса Анатольевна;Департамент образования
"Муниципальное бюджетное общеобразовательное учреждение городского округа Тольятти ""Гимназия № 35"" ";"445032 г. Тольятти, Бульвар Кулибина, 17";37-06-00 37-06-10  ;Сураева Людмила Михайловна;Департамент образования
"Муниципальное бюджетное общеобразовательное учреждение городского округа Тольятти ""Лицей № 37 имени А.И.Ясинского""";"445027 г.Тольятти,бульвар Буденного,1 ";35-13-15 ;Муканина Галина Валентиновна ;Департамент образования
"Муниципальное бюджетное общеобразовательное учреждение городского округа Тольятти ""Гимназия № 38"" ";"445032 г.Тольятти, бульвар Кулибина,8 ";37-40-27  ;Мищенко Юлия Сергеевна;Департамент образования
"Муниципальное бюджетное общеобразовательное учреждение городского округа Тольятти ""Школа № 40"" ";"445032 г. Тольятти, Ленинский проспект, 42";20-06-01 ;Устинова Ирина Владимировна;Департамент образования
"Муниципальное бюджетное общеобразовательное учреждение городского округа Тольятти ""Школа с углубленным изучением отдельных предметов № 41"" ";"445037 г. Тольятти, бульвар Орджоникидзе, 3";32-87-78  ;И.о. директора Урбан Екатерина Геннадьевна;Департамент образования
"Муниципальное бюджетное общеобразовательное учреждение городского округа Тольятти ""Школа № 43 имени Героя Советского Союза Д.Н. Голосова""";"445036 г. Тольятти, Бульвар Курчатова, 15";32-74-01 32-14-33 ;Сергеева Ирина Станиславовна;Департамент образования
"Муниципальное бюджетное общеобразовательное учреждение городского округа Тольятти ""Школа № 44"" ";"445037 г. Тольятти, бульвар Орджоникидзе, 14";32-61-83  ;Марчук Марина Александровна;Департамент образования
"Муниципальное бюджетное общеобразовательное учреждение городского округа Тольятти ""Школа с углубленным изучением отдельных предметов № 45""";"445024 г. Тольятти, бульвар Кулибина, 4";37-19-03  ;Бухтояров Михаил Сергеевич;Департамент образования
"Муниципальное бюджетное общеобразовательное учреждение городского округа Тольятти ""Школа № 46 имени первого главного конструктора Волжского автомобильного завода В.С. Соловьева""";"445036 г. Тольятти, бульвар Курчатова, 16";32-01-33  ;Чубенко Лариса Анатольевна;Департамент образования
"Муниципальное бюджетное общеобразовательное учреждение городского округа Тольятти ""Гимназия  № 48 имени Героя России О.Н.Долгова""";"445036 г. Тольятти, ул. Дзержинского, 51";32-09-66 32-71-02 32-09-62 ;Кузнецова Оксана Владимировна;Департамент образования
"Муниципальное бюджетное общеобразовательное учреждение городского округа Тольятти ""Школа имени академика Сергея Павловича Королёва""";"445028 г. Тольятти, бульвар Королева, 3";35-93-77 ;Подоляко Татьяна Николаевна;Департамент образования
"Муниципальное бюджетное общеобразовательное учреждение городского округа Тольятти ""Лицей № 51"" ";"445037 г. Тольятти, ул. Фрунзе, 12";35-23-31  ;Щелакова Ирина Валентиновна;Департамент образования
"Муниципальное бюджетное общеобразовательное учреждение городского округа Тольятти ""Школа № 56"" ";"445040 г. Тольятти, ул. Ворошилова, 28";33-35-05  ;Кирсанова Наталия Анатольевна;Департамент образования
"Муниципальное бюджетное общеобразовательное учреждение городского округа Тольятти ""Школа с углубленным изучением отдельных предметов № 58""";"445051 г. Тольятти, ул. Фрунзе, 2";34-99-26  ;Борисова Ольга Олеговна;Департамент образования
"Муниципальное бюджетное общеобразовательное учреждение городского округа Тольятти ""Школа № 59 имени Г.К. Жукова"" ";"445051 г. Тольятти, пр - кт Степана Разина, 65";34-71-01  ;Рожко Елена Николаевна;Департамент образования
"Муниципальное бюджетное общеобразовательное учреждение городского округа Тольятти ""Школа с углубленным изучением отдельных предметов № 61""  ";"445037, г. Тольятти, ул. Свердлова, 23";32-64-50  ;Кордик Андрей Викторович;Департамент образования
"Муниципальное бюджетное общеобразовательное учреждение городского округа Тольятти ""Школа № 62 имени Маршала Советского Союза Василия Ивановича Чуйкова""";"445039 г. Тольятти, ул. Ворошилова, 37";33-99-54 33-79-98 ;Голикова Светлана Викторона;Департамент образования
"Муниципальное бюджетное общеобразовательное учреждение городского округа Тольятти  ""Школа № 66"" ";"445039 г. Тольятти, ул. Автостроителей, 84";30-86-16 ;Воронина Валентина Павловна;Департамент образования
"Муниципальное бюджетное общеобразовательное учреждение городского округа Тольятти ""Лицей № 67"" ";"445051 г. Тольятти, пр -кт Степана Разина, 73";34-62-88  ;Колосов Константин Александрович ;Департамент образования
"Муниципальное бюджетное общеобразовательное учреждение городского округа Тольятти ""Школа № 69"" ";"445039 г. Тольятти, ул. 40 лет Победы, 120";30-86-88  ;Синявский Станислав Николаевич;Департамент образования
"Муниципальное бюджетное общеобразовательное учреждение городского округа Тольятти ""Школа с углубленным изучением отдельных предметов № 70"" ";"445056 г. Тольятти, ул. 40 лет Победы, 74";30-66-88 30-67-73 ;Жигулевцева Ольга Борисовна;Департамент образования
"Муниципальное бюджетное общеобразовательное учреждение городского округа Тольятти ""Школа № 72 имени Героя Советского Союза  А.В. Голоднова»   ";"445039 г. Тольятти, ул. Автостроителей, 92 ";30-64-15 30-57-58  ;Гамов Сергей Иванович ;Департамент образования
"Муниципальное бюджетное общеобразовательное учреждение городского округа Тольятти ""Школа № 73 имени Героя Советского Союза Н.Ф. Карацупы"" ";"445057 г. Тольятти, ул. Юбилейная, 81";34-86-37  ;Грошева Татьяна Рудольфовна;Департамент образования
"Муниципальное бюджетное общеобразовательное учреждение городского округа Тольятти ""Школа № 74 имени Героя Советского Союза Владимира Петровича Кудашова""";"445044 г. Тольятти, ул. Ворошилова, 21";30-05-16  ;Стрельникова Ольга Геннадьевна;Департамент образования
"Муниципальное бюджетное общеобразовательное учреждение городского округа Тольятти ""Лицей № 76 имени В.Н.Полякова"" ";"445057 г. Тольятти, пр-кт Степана Разина, 78";34-10-07  ;Коняхина Юлия Станиславовна;Департамент образования
"Муниципальное бюджетное общеобразовательное учреждение городского округа Тольятти ""Гимназия № 77""";"445044 г. Тольятти, ул. Ворошилова, 3";32-61-83 ;Усиевич Татьяна Аркадьевна;Департамент образования
"Муниципальное бюджетное общеобразовательное учреждение городского округа Тольятти ""Школа № 79  имени П.М. Калинина"" ";"445044 г. Тольятти, Бульвар Космонавтов, 17";30-15-39  ;Тарасова Марина Анатольевна;Департамент образования
"Муниципальное бюджетное общеобразовательное учреждение городского округа Тольятти  ""Школа № 81 имени А.А. Санжаревского"" ";"445039 г. Тольятти, ул. 40 лет Победы, 106";30-84-29  ;Кравцевич Нина Витальевна;Департамент образования
"Муниципальное бюджетное общеобразовательное учреждение городского округа Тольятти ""Школа № 82"" ";"445030 г. Тольятти, Цветной бульвар, 18";73-36-34 ;Ульянов Виктор Николаевич;Департамент образования
"Муниципальное бюджетное общеобразовательное учреждение городского округа Тольятти ""Школа №84 имени Александра Невского""";"445030 г. Тольятти, Цветной бульвар, 18";30-44-32  ;Чесноков Сергей Николаевич;Департамент образования
"Муниципальное бюджетное общеобразовательное учреждение городского округа Тольятти ""Школа № 86 имени Ю.А. Гагарина"" ";"445030 г. Тольятти, ул. 40 лет Победы, 44";20-36-61 ;Юрченко Клавдия Сергеевна;Департамент образования
"Муниципальное бюджетное общеобразовательное учреждение городского округа Тольятти школа ""Образовательный центр ""Галактика""";"445047 г. Тольятти, ул. Тополиная, 5";30-65-79 31-87-40 ;Дернова Лариса Владимировна;Департамент образования
"Муниципальное бюджетное общеобразовательное учреждение городского округа Тольятти ""Школа с углубленным изучением отдельных предметов № 89 имени В.И. Исакова""";"445042 г. Тольятти, ул. Дзержинского, 39";33-22-23 33-12-42 ;Бражникова Татьяна Степановна;Департамент образования
"Муниципальное бюджетное общеобразовательное учреждение городского округа Тольятти ""Школа №90""";"445031 г. Тольятти, бульвар Татищева, 19";30-86-16 ;Подоляко Виталий Игоревич;Департамент образования
"Муниципальное бюджетное общеобразовательное учреждение городского округа Тольятти ""Школа с углубленным изучением отдельных предметов № 93 имени ордена Ленина и ордена Трудового Красного Знамени Куйбышевгидростроя"" ";"445017 г. Тольятти, 40 лет Победы, 10 ";72-12-60 72-12-70  ;Родионов Александр Геннадиевич ;Департамент образования
"Муниципальное бюджетное общеобразовательное учреждение городского округа Тольятти ""Школа с углубленным изучением отдельных предметов № 94"" ";"445017 г. Тольятти, бульвар Курчатова,2 ";32-80-14  ;Иванова Римма Павловна ;Департамент образования
Муниципальное бюджетное учреждение спортивная школа олимпийского резерва № 8 «Союз» городского округа Тольятти;"445027 г. Тольятти, Бульвар Буденного, 20";35-63-96 70-43-72 ;Мазуров Андрей Александрович;Департамент физической культуры и спорта
"Муниципальное бюджетное образовательное учреждение дополнительного образования ""Центр детско-юношеского туризма ""Эдельвейс"" городского округа Тольятти";"445039 г. Тольятти, Бульвар Гая, 14";300-971 ;Мельникова Татьяна Алексеевна;Департамент образования
Муниципальное бюджетное образовательное учреждение дополнительного образования «Планета» городского округа Тольятти;"445056 г. Тольятти, ул. 40 лет Победы, 70";30-47-16 66-22-44 ;Вдовина Елена Николаевна;Департамент образования
"Муниципальное бюджетное образовательное учреждение дополнительного образования ""Дворец детского и юношеского творчества"" городского округа Тольятти";"445042 г. Тольятти, пр-кт Степана Разина, 99";34-33-89 ;Леснякова Татьяна Ивановна;Департамент образования
Муниципальное бюджетное дошкольное образовательное учреждение детский сад № 22 «Лучик» городского округа Тольятти;"445040 г. Тольятти, ул. Свердлова, 7";33-17-18 ;Айзятова Анна Сергеевна;Департамент образования
"Муниципальное бюджетное дошкольное образовательное учреждение детский сад № 64 ""Журавленок"" городского округа Тольятти";"445024 г. Тольятти, ул. Свердлова, 70";37-66-65  ;Куренкова Оксана Владимировна;Департамент образования
Муниципальное бюджетное дошкольное образовательное учреждение детский сад № 73 «Дельфин» городского округа Тольятти;"445032 г. Тольятти, ул. Кулибина, 1";"37-27-12, 37-27-15 ";Андреенко Татьяна Александровна;Департамент образования
"Муниципальное автономное дошкольное образовательное учреждение детский сад № 79 ""Гусельки"" городского округа Тольятти";"445026 г. Тольятти, бульвар Баумана, 20";37-24-61 ;Волик Яна Олеговна;Департамент образования
"Муниципальное автономное дошкольное образовательное учреждение детский сад  № 80 ""Песенка"" городского округа Тольятти";"445027 г. Тольятти, Приморский бульвар, 16";35-27-94  ;Рогдева Татьяна Владимировна;Департамент образования
"Муниципальное бюджетное дошкольное образовательное учреждение детский сад  № 81 ""Медвежонок"" городского округа Тольятти";"445026 г. Тольятти, ул. Революционная, 46";37-63-07  ;Козырева Галина Владимировна;Департамент образования
Муниципальное бюджетное дошкольное образовательное учреждение детский сад №116 «Солнечный» городского округа Тольятти;"445037 г. Тольятти, Бульвар Орджоникидзе, 17";32-17-52  ;Ладыка Екатерина Георгиевна;Департамент образования
"Муниципальное автономное дошкольное образовательное учреждение детский сад № 120 ""Сказочный"" городского округа Тольятти";"445036 г. Тольятти, Бульвар Курчатова, 9";32-64-58 ;Вареницина Галина Геннадьевна;Департамент образования
"Муниципальное бюджетное дошкольное образовательное учреждение детский сад  № 126 ""Солнечный зайчик"" городского округа Тольятти";"445040 г. Тольятти, пр-кт Степана Разина, 31";33-33-30 ;И.о. Бочкарева Екатерина Юрьевна;Департамент образования
"Муниципальное бюджетное дошкольное образовательное учреждение детский сад № 128 ""Гвоздичка"" городского округа Тольятти";"445040 г. Тольятти, пр-кт Степана Разина, 37";32-72-11  ;Шубина Елена Олеговна;Департамент образования
Муниципальное бюджетное дошкольное образовательное учреждение детский сад № 197 «Радуга» городского округа Тольятти;"445057 г. Тольятти, Приморский бульвар, 35";34-65-00  ;Мелькина Валентина Валентиновна;Департамент образования
"Муниципальное автономное  дошкольное образовательное учреждение детский сад  № 200 ""Волшебный башмачок"" городского округа Тольятти";"445056 г. Тольятти, ул. Дзержинского, 1";30-39-49  ;Краснова Наталья Сергеевна;Департамент образования
"Муниципальное автономное дошкольное  образовательное учреждение детский сад  № 210 ""Ладушки"" городского округа Тольятти";"445030 г. Тольятти ул. 40 лет Победы, 32";76-15-15 ;Андрианова Ольга Юрьевна ;Департамент образования
Муниципальное бюджетное учреждение дополнительного образования  детская художественная школа № 3 городского округа Тольятти;"445044 г. Тольятти, б-р Космонавтов, д.23";58-12-77 ;Бодяева Людмила Владимировна;Департамент культуры
Муниципальное бюджетное учреждение дополнительного образования детская школа искусств «Камертон» городского округа Тольятти;"445056 г. Тольятти, ул.40  Победы, д.86";30-58-58 30-58-59  ;Кудрявцева Татьяна Васильевна;Департамент культуры
Муниципальное бюджетное образовательное учреждение дополнительного образования  детская хореографическая школа имени М.М. Плисецкой городского округа Тольятти;"445057 г. Тольятти, бульвар Королева,д.1";95-83-16 95-64-93 95-54-54 ;Горковенко Надежда Васильевна;Департамент культуры
"Муниципальное казенное учреждение городского округа Тольятти ""Центр профилактики правонарушений""";"445026, г.Тольятти, ул.Свердлова, д.51 ";79-09-06 ;Кузнецов Олег Анатольевич;Департамент общественной безопасности и противодействия коррупции
Муниципальное бюджетное образовательное учреждение дополнительного профессионального образования «Курсы гражданской обороны города Тольятти»;"445036 г. Тольятти, бульвар Курчатов, д.10 ";"66-65-25, 32-27-39 ";Черняков Владимир Анатольевич;Департамент общественной безопасности и противодействия коррупции
Муниципальное бюджетное образовательное учреждение дополнительного образования Детский Дом культуры городского округа Тольятти;"445028 г. Тольятти, ул.Свердлова, 51";37-30-45 37-03-42 37-02-12 ;Морозова Валентина Александровна;Департамент культуры
Муниципальное бюджетное учреждение спортивная школа олимпийского резерва № 12 «Лада» городского округа Тольятти;"445034, г.Тольятти, ул. Революционная, д. 80 ";58-09-52 ;Малахов Олег Владимирович;Департамент физической культуры и спорта
Муниципальное бюджетное учреждение городского округа Тольятти «Новости Тольятти»;"445026 г. Тольятти, Площадь Свободы, 4";"54-37-52, 54-37-32 ";Автаева Евгения Николаевна;Организационное управление.
Муниципальное бюджетное образовательное учреждение дополнительного образования детская школа искусств «Форте» городского округа Тольятти;"445039 г. Тольятти, б-р Гая, 3";30-97-98 66-04-67  ;Кочетов Валерий Викторович;Департамент культуры
Муниципальное бюджетное учреждение дополнительного образования детская музыкальная школа № 4 имени заслуженного работника культуры Российской Федерации Владимира Михайловича Свердлова городского округа Тольятти;"445057 г. Тольятти, ул. Ст.Разина, д.95 филиал: 445051 г. Тольятти,ул.Фрунзе, д.2";"55-10-05, 55-10-10,  ";Цирульников Борис Альбертович ;Департамент культуры
Муниципальное бюджетное учреждение дополнительного образования  спортивная школа олимпийского резерва № 10 «Олимп» городского округа Тольятти;"445028 г. Тольятти, Приморский бульвар, д. 49";35-19-19 35-34-55 ;Степанов Андрей Витальевич ;Департамент физической культуры и спорта
Муниципальное бюджетное учреждение дополнительного образования детская школа искусств «Лицей искусств»им. В.Н. Сафонова городского округа Тольятти;"445036 г. Тольятти, бульвар Курчатова, д.2";32-07-72 32-10-76  ;Печников Андрей Владимирович;Департамент культуры
Муниципальное бюджетное учреждение дополнительного образования детская художественная школа имени Марка Шагала городского округа Тольятти;"445039 г. Тольятти, ул. Свердлова, д.10";31-88-35  ;Фрейдлина Марина Александровна ;Департамент культуры
Муниципальное бюджетное учреждение дополнительного образования детская школа искусств имени Г.В. Свиридова городского округа Тольятти;"445044 г. Тольятти, ул. Автостроителей, д.26 ";30-94-14 30-93-78  ;Бычкарь Олег Григорьевич;Департамент культуры
Муниципальное бюджетное образовательное учреждение дополнительного образования детская школа искусств «Гармония» городского округа Тольятти;"445037 г. Тольятти, ул. Ленинский проспект, д.20 "; 32-80-82 32-79-92 ;Веренева Наталья Леонидовна;Департамент культуры
Муниципальное предприятие городского округа Тольятти «Тольяттинское троллейбусное управление»;"445043 г. Тольятти, ул. Громовой, 55";39-10-49 24-35-75 ;Растегаев Евгений Валериевич;Департамент дорожного хозяйства и транспорта
"Муниципальное автономное учреждение городского округа Тольятти ""Театр юного зрителя ""Дилижанс""";"445036 г. Тольятти проспект Ст.Разина, 93";34-20-50 ;Миронова Ирина Алексеевна;Департамент культуры
Муниципальное бюджетное учреждение дополнительного образования спортивная школа олимпийского резерва № 13 «Волгарь» городского округа Тольятти;"445047 г. Тольятти, Приморский бульвар, д. 37";35-53-59 34-76-92  ;Дементьев Дмитрий Васильевич;Департамент физической культуры и спорта
Муниципальное автономное учреждение городского округа Тольятти «Агентство экономического развития»;"445057, г. Тольятти, бульвар Королева, д.13.";31-00-06 ;Шайхутдинов Назир Фаритович;Департамент экономического развития
Муниципальное бюджетное учреждение спорта Центр физической культуры и спорта городского округа Тольятти;"445051 г. Тольятти, ул. Карла Маркса, 30 ";48-86-11 35-18-18  ;Данилова Ольга Александровна;Департамент физической культуры и спорта
"Муниципальное казенное учреждение «Центр поддержки общественных инициатив""";"445020, г.Тольятти, Ул.Белорусская, 33";31-50-56 ;Сергеева Лариса Геннадьевна;Управление взаимодействия с общественностью 
"Муниципальное казенное учреждение городского округа Тольятти ""Центр хозяйственно-траспортного обеспечения""";"445009 г.Тольятти, ул. Октябрьская, каб. 59";79 03 75 ;Шатохин Валерий Павлович;Организационное управление.
"Муниципальное бюджетное дошкольное образовательное учреждение детский сад № 41 ""Огонек"" городского округа Тольятти";"445017 г.о. Тольятти, ул. Ленина, 109";22-06-76 ;Слободенюк Елена Владимировна;Департамент образования
"Муниципальное бюджетное дошкольное образовательное учреждение детский сад № 34  ""Золотая рыбка"" городского округа Тольятти";"445020 г.о. Тольятти, ул. Белорусская, д. 8";28-12-78 ;Линкова Наталья Михайловна;Департамент образования
"Муниципальное бюджетное общеобразовательное учреждение городского округа Тольятти ""Кадетская школа № 55 имени русского полководца Александра Васильевича Суворова""";"445008 г.о. Тольятти, ул. Л. Чайкиной, д. 57";24-12-12 ;Жуковец Николай Николаевич;Департамент образования
Муниципальное бюджетное учреждение дополнительного образования детская художественная школы им. И.Е.Репина городского округа Тольятти;"445046 г.о. Тольятти, ул. Механизаторов, д. 20-А";24-76-57  75-49-89 ;Иванкова Любовь Ивановна;Департамент культуры
Муниципальное автономное учреждение городского округа Тольятти «Культурный Центр «Автоград»;"445028 г.о. Тольятти, ул. Юбилейная, д. 8";35-76-50 ;Лоскутов Дмитрий Юрьевич;Департамент культуры
"Муниципальное бюджетное общеобразовательное учреждение городского округа Тольятти ""Школа № 34"" ";"г.о. Тольятти, бульвар Королева, д. 12";35-97-89 ;Стегачева Алла Евгеньевна;Департамент образования
"Муниципальное автономное учреждение культуры городского округа Тольятти ""Парковый комплекс истории техники имени К.Г. Сахарова""";"450000 г. Тольятти, ул. Южное шоссе, 137";"94-00-56,  94-00-59 ";Никитин Дмитрий Валериевич;Департамент культуры
"Муниципальное казенное учреждение городского округа Тольятти ""Тольяттинский архив""";"445021, г.Тольятти, ул. Ленинградская, 49";48-45-82 31-02-47 ;Даршт Ольга Эдуардовна;Управление по делам архивов
"Муниципальное бюджетное общеобразовательное учреждение городского округа Тольятти ""Школа № 18 имени Ф.М. Колыбова"" ";"445012, г. Тольятти, ул. Мурысева, 89а";24 20 51 ;Иванюк Ирина Вячеславовна;Департамент образования
Муниципальное автономное образовательное учреждение дополнительного профессионального образования Центр информационных технологий городского округа Тольятти;"445011 г.Тольятти, ул. К. Маркса, 27а ";22-37-73 ;Копылова Галина Владимировна;Департамент образования
"Муниципальное бюджетное дошкольное образовательное учреждение детский сад  № 84 ""Пингвин"" городского округа Тольятти";"445009 г. Тольятти, ул. Комсомольская, 155";76-82-80 ;Волынцева Марина Евгеньевна;Департамент образования
"Муниципальное казенное учреждение ""Центр гражданской защиты городского округа Тольятти"" ";"445042 г.Тольятти, ул.Карла Маркса, д.44";22-93-82 26-52-52 26-54-67 ;Дербенев Андрей Викторович;Департамент общественной безопасности и противодействия коррупции
"Муниципальное бюджетное общеобразовательное учреждение городского округа Тольятти ""Школа № 71""";"445042, г.Тольятти, бульвар Луначарского, 11";33-13-39 ;Архипова Людмила Викторовна;Департамент образования
"Муниципальное бюджетное общеобразовательное учреждение городского округа Тольятти ""Школа с углубленным изучением отдельных предметов № 47 имени М.В. Демидовцева""";"445040, г. Тольятти, бульвар Туполева, 12";33 55 91 36-64-77 ;Прокопченко Ирина Витальевна;Департамент образования
"Муниципальное бюджетное образовательное учреждение дополнительного образования ""Центр творчества ""Свежий ветер"" городского округа Тольятти";"445042, г. Тольятти, б-р Луначарского, д. 19";"33-31-54, 33-31-53 ";Мурышова Светлана Владимировна;Департамент образования
"Муниципальное бюджетное учреждение дополнительного образования ""Детская школа искусств Центрального района"" городского округа Тольятти ";"445017 г.о. Тольятти, ул. Победы, 46";"26-37-53, 26-77-11 ";Скрипачева Ирина Александровна;Департамент культуры
"Муниципальное казенное учреждение городского округа Тольятти ""Тольяттинское лесничество""";"445022 г. Тольятти ул. Ленина, 44";70-50-80 ;Подгорнов Анатолий Александрович;Департамент городского хозяйства
"";""; ;"";Управление муниципальной службы и кадровой политики
"Муниципальное казенное учреждение городского округа Тольятти ""Ритуал""";"Самарская область, г. Тольятти, Поволжское шоссе, 5"; ;Грачев Анатолий Львович;Департамент городского хозяйства
