№ п/п;Наименование организации;Адрес местонахождения организации;Сайт организации;Адрес электронной почты;Контактная информация
1;Муниципальное бюджетное учреждение культуры городского округа Тольятти «Тольяттинский художественный музей»;" 445021, Самарская область,   г. Тольятти,              б-р  Ленина, 22
";www.thm-museum.ru;kartgal@mail.ru;"8(8482)70-30-98
"
2;Муниципальное бюджетное учреждение  культуры  городского округа Тольятти «Тольяттинский краеведческий музей»;" 445021, Самарская область,   г. Тольятти, б-р  Ленина, 22
";www.tltmuseum.ru;tkmuseum@mail.ru;"8(8482)48-35-74
"
3;Муниципальное бюджетное учреждение культуры городского округа «Городской музейный комплекс «Наследие» (экомузей)»;"445011, Самарская область,    г. Тольятти, ул. Советская, 39
";http://musnasl.ru;ecomuzeum@yandex.ru;"8(8482)48-72-85
"
4; Муниципальное автономное учреждение культуры городского округа Тольятти «Парковый комплекс истории техники имени К.Г. Сахарова»;" 445000, Самарская область,   г. Тольятти,
 ул. Южное шоссе, 137

 
"; http://pkitis.tltsu.ru; mauk.pkit@yandex.ru;" 8(8482)580-832 (202)
"
