№;Наименование организации;Местонахождение организации;Сайт организации;Адрес электронной почты;Контактная информация
1;Муниципальное бюджетное учреждение культуры городского округа Тольятти «Досуговый  Центр «Русич»;"Самарская область, 445015 , г. Тольятти, ул. Носова, 10
";http://dcrusich.ru;dc_rusich@mail.ru;77-25-46
2; Муниципальное автономное учреждение  городского округа Тольятти «Культурный Центр «Автоград»;"Самарская область, 445028, г. Тольятти,  ул. Юбилейная, 8
"; http://avtogradcc.ru; mau_dkit@mail.ru;" 35-76-50 

"
3; Муниципальное автономное учреждение  городского округа Тольятти «Культурно – досуговый центр «Буревестник»;"Самарская область, 445011, г. Тольятти,  ул. К. Маркса, 27


";http://burevestnik-tgl.ru;burevestniktgl@yandex.ru;" 93-00-66, 93-00-60
"
