№ п/п;Наименование
1;Федерация Армейского рукопашного боя Самарской области
2;Тольяттинский спортивно-технический клуб Лада
3;Ассоциация Купол
4;Гандбольный клуб Лада
5;АНО Поддержки и развития гандбольного клуба Лада
6;Детско-юношеский спортивный клуб Атлант
7;Федерация тяжелой атлетики
8;Спортклуб МСП
9;Федерация Шахмат
10;Федерация армейского рукопашного боя - отделение Капоэйра
11;Алтек
12;Физкультурно-оздоровительный реабилитационный центр Слон
13;АНО Патриот
14;НКО Клуб Моржи
15;АНО Спортивный клуб МТП
16;Академия Гольфа
17;ТСК Эксклюзив (школа танцев)
18;Спортивный конно-оздоровительный комплекс Гран-при
19;Самарская областная Федерация по прыжкам в воду
20;Клуб бокса Гайдаровец
21;Н.П. Альтаир
22;Яхт-клуб Остров Сокровищ
23;Спортивный союз стилевого каратэ Самарской области
24;Федерация Косики каратэ Самарской области
25;ГАУ СШОР №1
26;ГАУ СШОР №6
27;Самарская (Тольяттинская) федерация киокусинкай каратэ-до
28;Школа спортивной борьбы Тольятти
29;Поволжская академия боевых искусств
30;Школа восточных единоборств Сандорюкан
31;Спортивный клуб Мега-Лада
32;Образовательно-спортивный центр акробатики Акро-Спорт
33;Федерация спортивной акробатики Самарской области
34;Федерация прыжков на батуте Самарской области
35;Федерация мотоциклетного спорта Самарской области
36;Федерация Айкидо Айкикай г.Тольятти
37;Федерация Джиу-Джитсу Самарской области
38;АНО Победа-Спорт
39;Федерация Такемусу Айкидо Самарской области
40;НП Клуб моделистов Комета
41;НП Клуб Боевые перчатки
42;Спортклуб Перспектива-С
43;Федерация горнолыжного спорта и сноуборда Тольятти
44;Тольяттинский детско-юношеский клуб фигурного и синхронного катания на коньках и танца
45;Самарская областная федерация Ушу
46;Центр Ушу и цигун У Дэ
47;Детско-юношеский спортивно-эстетический клуб Каскад
48;Федерация вольной борьбы города Тольятти
49;Федерация спортивного бриджа Самарской области
50;Федерация всестилевого каратэ России
51;Федерация кикбоксинга
52;Спортивный клуб Арсенал
53;Баскетбольная лига Тольятти
54;Волга кантри Челлендж
55;Горный клуб Монолит, АНО
56;Спортивно-туристический клуб Вольный ветер
57;Тольяттинская лига Дворового Футбола
58;Клуб спортивной борьбы им.Ивана Самылина
59;Федерация Флорбола
60;Тольяттинская городская федерация футбола
61;Самарская региональная федерация спортивного туризма
62;Федерация парусного спорта Тольятти
63;Хоккейный клуб Лада
64;Тольяттинская городская федерация регби
65;Спортивный регби клуб Снаряд
66;Спортивный клуб Сила ветра (Парусный спорт)
67;Клуб здравого спорта Кинг Ринг
68;Тольяттинская хоккейная любительская лига
69;АНО ДЮСК KWON
70;Тольяттинская федерация каратэ ВКФ
71;Федерация шотокан каратэ-до Тольятти
72;Abada-capoeira Тольятти
73;Всестилевая федерация каратэ Самарской области
74;Тольяттинская федерация спортивного танца
75;Футбольный клуб Импульс
76;Клуб фигурного катания Айс Класс
77;Ассоциация ОСБИ клуб Восток
78;Профессионально-спортивный клуб тхэквондо Торнадо
79;Федерация гребли на байдарках и каноэ Тольятти (с января 2020 не осуществляет деятельность)
80;Кони-Парк
81;Поволжский объединеный комитет министерств и ведомств (танцы)
82;Клуб спортивной борьбы Спартанец
83;Самарская областная Федерация Чирлидинга
84;Физкультурно-спортивная организация Таолу Тольятти Спорт
85;Федерация легкой атлетики
86;Федерация фитнес аэробики и спортивной аэробики г.Тольятти СРОО
87;Федерация фитнес аэробики, спортивной аэробики и чирспорта г.Тольятти ОО
88;Фристайл
89;Тольяттинская городкая спортивная федерация тхэквондо г.Тольятти
90;ТГОО Федерация Фудокан каратэ-до
91;СРОО Федерация Фудокан каратэ-до
92;Футбольная школа Добрый мяч
93;Беговелоклуб Маленькие звезды
94;Федерация флаинг диска Тольятти
95;Федерация бокса города Тольятти
96;"Спортивная общественная организация Тольятти ""Карт"""
97;Футбольный клуб Галактика
98;АНО СК Стрела
99;Территория паркура
100;Федерация фехтования
101;Центр эстетического развития Милан
102;Федерация тхэквондо Сонмин
103;Федерация капоэйры Поволжья
104;Федерация художественной гимнастики
105;Футбольная школа Юниор
106;Федерация практической стрельбы (на базе Ловчий Плюс)
107;"Хоккейная лига ""Старт"""
108;Федерация стрельбы из классического и блочного лука
109;Федерация айкидо есиппан
110;"Школа танцев ""Креатив"""
111;Спортивная федерация сквоша Ракетлон
112;Образцовый театр эстрадного танца Ассорти
113;"Клуб метания ножей ""Клим"""
114;Спортивная техническая школа (СТШ)
115;Спортклуб Авангард
116;Баскетбольный клуб Феникс
117;ПСК Олимпиец
118;КуйбышевАзот
119;31 отряд ФПС
120;Тольяттинский Трансформатор
121;Тольяттикаучук
122;Автоваз (отдел корп.мероприятий)
123;МАУ КЦ Автоград
124;УМВД
125;ТЕВИС
126;Тольяттиазот
127;Реноме
128;Ловчий Плюс
129;"ООО ""Глубинка"""
130;"ООО ""Фристайл"""
131;"МУП Пансионат ""Звездный"""
132;Тольяттистройзаказчик
133;ЭкоВоз Тольятти
134;Тольяттихлеб
135;Джи Эм Автоваз
136;Городская организация профсоюзов работников здравоохранения
137;Центр отдыха Тольяттиазот
138;ВЧ 21208
139;Буревестник
140;СРОО Федерация силовых видов спорта Кедр (Фитнес)
141;Фитнес клуб Соломея
142;Фитнес клуб Темп
143;Fly фитнес (ИП Кузнецова)
144;Фит центр Мисс Фитнес
145;Центр здоровья и физического развития человека Спарта
146;Спортклуб Flex gym (Фигура)
147;Центр-фитнес (Дэвис)
148;Фит лайн
149;Фитнес клуб Дельфин
150;Кросс фит Индевор
151;Спортивно-оздоровительный комплекс Кит
152;Фитнес клуб Богиня
153;Фитнес клуб Авангард
154;Алекс фитнес
155;Мир фитнеса (ООО Форма)
156;Ботек-велнес (Порядок)
157;Био ресурс Ева-фитнес
158;Альтер Эго
159;Спорт.клуб Концепт (Спорт Антей)
160;Фитнес клуб Джага
161;Фитнес клуб Розовый фламинго
162;Боди лайн
163;Фитнес студия Е.Маликовой
164;Милан
165;Спорт Оранж, спортклуб
166;Студия персональных тренировок PowerPlate
167;Новиком Ева-фитнесс
168;Клуб функционального многоборья Штурм
169;Спорт лайф -качалка
170;АНО Патриот фитнес клуб Камея
171;Школа здоровья и индивидуального развития человека Анисия
172;ЧНОУДО Спарта (тренажерный зал)
173;МООСК Фаворит (фитнес)
174;ООО Счастье (фитнес)
175;Танцевальная студия Ярчи
176;ИП Маас Евгения Николаевна (фитнес)
177;Вита
178;Радомир йога дом
179;Клуб силовых видов спорта Титан
180;Sport Town
181;Фитнес клуб БАЗА
182;Метро фитнес
183;Черный носорог
184;Фитнес клуб Kangoo Jumps
185;Фитнес Хаус
186;Фитнес клуб Гарнизон
187;АНО Спорт + здоровье
188;Студия восточного танца Алиша
189;Йога студия Вишну
190;АНО Школа студия танца Креатив
191;ООО ЕВА плюс
192;Фитнес студия Виндзор
193;"Физкультурно-спортивный клуб инвалидов ""Виктория"""
194;"АНО ""Центр иппотерапиии Живой Мир"""
195;"Городская общественная организация инвалидов ""Волжане"""
196;"Организация инвалидов-опорников ""Клио"""
197;"АНО ""Веста"""
198;Автозаводская РОО Оптимист СОО ВОИ
199;Центральная РОО СОО ВОИ
200;Комсомольская районная общ.организация инвалидов
201;Лаборатория Моды(балет)
202;Студия уличных танцев GOOD VIBEZ
203;Студия танца Under Dance
204;Детский клуб Чудесная страна
205;Танцевальная студия Brilliant
206;Студия танца Кармэн
207;Спортивно-танцевальная студия Триумф
208;Спортивно-танцевальный клуб Soul
209;Студия танца и здорового тела Clever
210;Танцевально-спортивный клуб Образ
211;Детская студия эстрадного вокала и танца Абсолют
212;Танцевально-спортивный клуб Звезда
213;Танцевальная студия Eva
214;Студия FoxEnergy
215;Танцевальный коллектив DivaDance
216;Творческий центр ArtWay
217;Школа танца DanceКухня
218;Танцевальная студия Версаль
219;Школа танцев Династия
220;Студия танцев Next Step
221;Школа бальных танцев Дети на паркете
222;Танцмейстер-Бегония
223;Студия современной хореографии Вереск
224;Детский развивающий клуб Пухтик
225;Студия танца Юнтос
226;Детский клуб Познавайка
227;Школа танцев Арабеск
228;Школа танцев Rockerz
229;Танцевально-спортивный клуб Кристалл
230;Академия творчества и интеллектуального развития Точка
231;Танцевально-спортивный клуб Ритм
232;Международная сеть хореографических школ Русский Балет
233;Хореографическое объединение Новая Эра
234;Школа балета LilBallerine
235;танцевальный клуб Дуэт
236;Обучение танцам Dance sport Unity
237;Танцевальная студия Infinity
238;Студия танца Danza
239;Трайбл-студия Караван
240;Студия парных танцев Dance House
241;Танцевально-спортивная студия You Can!
242;Школа уличных и современных танцев Студия 212
243;Центр йоги Студия йоги и танца
244;Детская хореографическая школа Плесецкой
245;Театр танца Кредо
246;Студия танца Ярчи
247;Школа танца Аквамарин
248;Школа танца La Casa Del Tango
249;Школа парных танцев MiCasa
250;Семейный центр развития Злата Дар
251;Студия воздушной гимнастики Crystal Sky
252;Танцевальная школа Dance Fam
253;Школа танцев 8Raйon
254;Школа восточного танца Алиша
255;Театр танца Седьмое Небо
256;Школа танцев Just Dance
257;Танцевально-спортивный клуб Совершенство
258;Школа обучения танцам Protest Family
259;Танцевальный клуб Парадайс
260;Школа восточного танца Арабиа
261;Танцевально-спортивный клуб Успех!
262;Детский клуб Sport Time
263;Танцевально-спортивный клуб Престиж
264;Студия танца Time Step
265;Спортивный клуб Фристайл
266;Школа танцев Гавс Брейкер
267;Танцевально-спортивный клуб Эксклюзив
268;Танцевальная студия Кныш Оксаны
269;Детский центр развития способностей Studio Kids
270;Студия танцев East
271;Танцевально-спортивный клуб Верона
272;Досуговый центр Русич
273;Ансамбль танца Поток
274;Школа танца Самоцветы
275;Ансамбль современного эстрадного танца Звездное небо
276;Студия современного танца Ювента
277;Танго клуб El Choclo
278;Танцевальная школа AlbaDanceStudio
279;Школа фитнеса и пол-дэнса Fitness Sister Studio
280;Танцевальная студия TLTango-Провинция
281;Центр эстетического развития Creative
282;Шоу-группа Вива
283;Студия бального танца Алый Парус
284;Школа восточного танца Танцуй
285;Танцевально-спортивный клуб Эмпилс
286;Школа танцев Outside
287;студия спортивно-эстрадного танца Радость
288;Студия танца Аль Нар
289;Студия танца Лайт
290;Студия танца Дебют
291;Студия танцев Tabasco
292;Школа танцев Dance Class
293;Хореография Pinetka
294;"Танцевально-спортивный клуб ""Тандем-Прайм"""
295;"Школа танцев ""Dance.lab"""
296;"Студия танцев ""Modern"""
297;"Детская хореографическая студия ""Балерина"""
298;Центр эффективного развития Мир Без Границ
299;Студия йоги Парамита
300;Поволжская ассоциация Йоги
301;Центр йоги и восточных практик Кайлас
302;Центр йоги Лила
303;Студия йоги Всем намасте
304;Студия йоги Жемчужина
305;Клуб йоги Вершина
306;Студия йоги и танца
307;Студия йоги Вишну
308;Центр йоги и аюрведы Оксаны Палкиной
309;Студия Йога-7
310;Центр йоги Sahaja yoga
311;Студия танцев и йоги Shake
312;Школа BMX
313;Велошкола Тольятти
314;Роллердром WildChild
315;Школа каратэ Рекорд
316;Школа бокса им.МСМК Власова
317;Хоккейная школа Fly Pro
318;Детско-юношеский клуб фигурного и синхронного катания на коньках
319;Футбольный клуб Акрон
320;СТК им.Степанова
321;Спортивный клуб Юность
322;Детская футбольная школа ЮниЮве
323;Спортивный клуб Единство
324;Лада-Бокс
325;LotuSport`s Club R Home (клуб смешанных единоборств)
326;Лыжная школа SKI TLT (swim tlt и Run tlt)
327;Тема спорта
328;Сноуборд школа Slide
329;Национальный Союз МуайТай и К1
330;Спортивный клуб Новое поколение
331;"АНО ЦРД ""Гармония развития"""
332;"ООО ""24"""
333;ГАУ СО Арена
334;Школа волейбола Меркурий
335;"Футбольный клуб ""Торпедо"""
336;"Спортивный клуб ""Дракон"""
337;Тольяттинская Федерация тхэквондо ИТФ
338;Федерация дзюдо и самбо
339;Национальный союз Кекушинкай
340;"Федерация спортивного танца ""Брэйк-Данс"""
341;АНО Скейт-Парк
342;Федерация бадминтона
343;Федерация баскетбола
344;Фитнес клуб Импульс
345;Фитнес клуб Эндорфин
346;Центр коррекции фигуры Lady`sOnly
347;Студия растяжки AgataPRO
348;Фитнес-клуб Lady Stretch
349;Студия Красивое тело
350;Женская фитнес студия Формула Стройности
351;Студия растяжки и фитнеса Keep U Body
352;Rave premium studio
353;FitnessBoom
354;Танцевальная студия Облака
