№;Наименование;Адрес;ФИО руководителя;Телефон;Электронная почта;Официальный сайт;Дополнительная информация
1;"ГБУ3 СО ""ТОЛЬЯТТИНСКАЯ ГОРОДСКАЯ ДЕТСКАЯ БОЛЬНИЦА № 1""";445004 г.Тольятти, Центральный район, ул.Лесная, д. 1;Гаршина Светалана Юрьевна, ;Факс: 88482226905, приемная: 22-51-55;glavv@tltgdb.ru ;http://www.tltgdb.ru;
2;"ГБУЗ СО ""ТОЛЬЯТТИНСКАЯ ГОРОДСКАЯ КЛИНИЧЕСКАЯ БОЛЬНИЦА № 2 ИМ.В.В.БАНЫКИНА""";445020 г.Тольятти, Центральный район, ул. Баныкина, д. 8;Сибряев Виталий Юрьевич;Факс: 88482935204, приемная:  93-52-52;04021@mail.miac.samregion.ru ;http://tgb2.ru;
3;"ГБУЗ СО ""ТОЛЬЯТТИНСКАЯ ГОРОДСКАЯ КЛИНИЧЕСКАЯ БОЛЬНИЦА № 1"" ";445009 г.Тольятти, Центральный район, ул. Октябрьская, д. 68;Замулин Максим Александрович;Факс: 88482222463, приемная:  22-24-63;hospital1@mail.ru ;http://hospital-1.ru;
4;"ГБУЗ СО ""ТОЛЬЯТТИНСКАЯ ГОРОДСКАЯ БОЛЬНИЦА № 4""";445046 г.Тольятти, Комсомольский район, ул.Механизаторов, д. 37;Тетюшкин Сергей Николаевич;"Факс: 88482790301, Приемная:
63-00-06
";hosp4tlt@mail.ru ;http://hosp4tlt.ru;
5;"ГБУЗ СО ""ТОЛЬЯТТИНСКАЯ ГОРОДСКАЯ КЛИНИЧЕСКАЯ БОЛЬНИЦА № 5"" ";445039 г.Тольятти, Автозаводский район, б-р Здоровья, д. 25;Ренц Николай Альфредович;Факс: 88482350107, приемная:  79-00-00 ;medvaz@tlt.ru ;http://www.medvaz.tlt.ru;
6;"ГБУЗ СО ""ТОЛЬЯТТИНСКАЯ ГОРОДСКАЯ ПОЛИКЛИНИКА № 1""";445027 г.Тольятти, Автозаводский район, Приморский б-р., д. 24;Шаховская Ирина Николаевна;Факс: 88482348618, приемная: 35-25-86;04026@mail.miac.samregion.ru ;http://pol1-tlt.ru;
7;"ГБУЗ СО ""ТОЛЬЯТТИНСКАЯ ГОРОДСКАЯ КЛИНИЧЕСКАЯ ПОЛИКЛИНИКА № 3""";"445032 г.Тольятти, Автозаводский район, ул.Свердлова, 
д. 82
";Кирасиров Рауф Казымович;"Факс: 88482371189, приемная: 
37-40-40
";mail@polikl3.ru ;www.polikl3.ru;
8;"ГБУЗ СО ""ТОЛЬЯТТИНСКАЯ ГОРОДСКАЯ ПОЛИКЛИНИКА № 2""";"445009 г.Тольятти, Центральный район, 
ул. Горького, д. 61
";Житлов Андрей Геннадьевич;"Факс: 88482220384, приемная: 
 22-09-49 
";pol.gp2@yandex.ru ;www.policlinica2.ru;
9;"ГБУЗ СО ""ТОЛЬЯТТИНСКАЯ ГОРОДСКАЯ ПОЛИКЛИНИКА № 4"" ";445012 г.Тольятти, Комсомольский район, ул. Александра Матросова, д. 19;Кулагин Александр Владимирович;"Факс: 88482935012,  приемная: 
93-51-00 
";04099@mail.miac.samregion.ru ;www.tgp-4.ru;
10;ГБУЗ СО ТОЛЬЯТТИНСКАЯ СТОМАТОЛОГИЧЕСКАЯ ПОЛИКЛИНИКА № 1 ;"445042 г.Тольятти, Автозаводский район, 
ул. Свердлова, д. 9
";Трунин Алексей Александрович;"Факс: 88482935454, приемная: 
93-54-54
";gbuzsotsp1@yandex.ru;http://stomtlt.ru;
11;ГБУЗ СО ТОЛЬЯТТИНСКАЯ СТОМАТОЛОГИЧЕСКАЯ ПОЛИКЛИНИКА № 3 ;445008 г.Тольятти, Комсомольский район, ул. Лизы Чайкиной, д. 67, литера А;Стогний Дмитрий Геннадьевич;"Факс: 88482935151, приемная:
 93-51-51
";tolsp3@mail.ru;www.zdravportal.ru/lpu/sp3;
12;ГБУЗ СО ТОЛЬЯТТИНСКАЯ СТАНЦИЯ СКОРОЙ МЕДИЦИНСКОЙ ПОМОЩИ;445050 г.Тольятти, Центральный район, ул. Жилина, д. 29;Лапшин Михаил Юрьевич;"Факс: 88482484126 
приемная: 
48-63-94
";tolssmp@mail.ru;http://tssmp-tlt.ru;
13;ГБУЗ СО ТОЛЬЯТТИНСКАЯ ОБЛАСТНАЯ СТАНЦИЯ ПЕРЕЛИВАНИЯ КРОВИ;445026 г.Тольятти, Автозаводский район, Московский пр., д. 19;Галкин Игорь Васильевич;"Факс: 88482777101, 
приемная:
77-71-01
";gspk@tlt.ru;http://donorsamara.ru;
14;ГБУЗ СО ТОЛЬЯТТИНСКИЙ ПСИХОНЕВРОЛОГИЧЕСКИЙ ДИСПАНСЕР;445000 г.Тольятти, Центральный район, Автозаводское шоссе, д. 3;Селезнева Ираида Геннадьевна;"Факс: 88482253618, приемная: 
25-36-18
";tpnd@mail.ru ;тпнд.кврачу63.рф;
15;ГБУЗ СО ТОЛЬЯТТИНСКИЙ НАРКОЛОГИЧЕСКИЙ ДИСПАНСЕР;445009 г.Тольятти, Центральный район, ул. Победы, д. 28;Михайлов Сергей Владимирович;"Факс: 88482222712, приемная: 
22-27-12
";narcologtlt@mail.ru;http://narcologtlt.ru;
16;ГБУЗ СО ТОЛЬЯТТИНСКИЙ ПРОТИВОТУБЕРКУЛЕЗНЫЙ ДИСПАНСЕР;"445013 г.Тольятти, Комсомольский район,
ул. Телеграфная, д. 34
";Цыганков Игорь Леонтьевич;"Факс: 88482975041, приемная: 
97-50-41
";guz-so-tptd@yandex.ru;tolptd.ru;
17;ГБУЗ СО ТОЛЬЯТТИНСКИЙ КОЖНО-ВЕНЕРОЛОГИЧЕСКИЙ ДИСПАНСЕР;445004 г.Тольятти, Центральный район, Автозаводское шоссе, д. 7;Певзнер Юрий Самуилович;"Факс: 88482258395, приемная:
22-62-57
";info@tkvd.ru ;www.tkvd.ru;
18;"ГБУЗ СО ""ТОЛЬЯТТИНСКИЙ ВРАЧЕБНО-ФИЗКУЛЬТУРНЫЙ ДИСПАНСЕР""";445035 г.Тольятти, Центральный район, ул. Мира, д. 150;Щипакина Марина Павловна;"Факс: 88482261231
приемная: 
26-12-31
";vfd.tlt@yandex.ru ;www.medportal63.ru/clinic/info88/;
19;"ГБУЗ СО ""ТОЛЬЯТТИНСКИЙ ЛЕЧЕБНО-РЕАБИЛИТАЦИОННЫЙ ЦЕНТР ""АРИАДНА"" ";"445051 г.Тольятти, Автозаводский район,  
ул. Маршала Жукова, д. 3
";Маркелова Елена Олеговна;"Факс: 88482324029, приемная: 
32-40-29
";04044@mail.miac.samregion.ru ;www.zdravportal.ru/lpu/ariadna;
20;ГБУЗ СО ТОЛЬЯТТИНСКАЯ ДЕЗСТАНЦИЯ ;"445046 г.Тольятти, ул.Механизаторов,
д. 21
";Русак Михаил Владимирович;"Факс: 88482243140, приемная: 
24-31-40
";dezst_2356@mail.ru ;medportal63.ru/clinic/info360/;
21;ГБПОУ ТОЛЬЯТТИНСКИЙ МЕДИЦИНСКИЙ КОЛЛЕДЖ;445010 г.Тольятти, Центральный район, ул. Строителей д. 7;Егоров Иван Владимирович;"Факс: 88482480265, приемная: 
28-26-08
";colmedtlt@yandex.ru ;;
