N п/п;Название;Адрес, местоположение, кадастровый номер (при наличии);Зарегистрированные права;Примечание
1;Парк Победы;Территория между ул. Юбилейной, ул. Революционной, ул. Фрунзе, б-ром Приморский, в том числе земельный участок с кадастровым номером 63:09:0101177:5;"Муниципальная собственность, предоставлен на праве постоянного (бессрочного) пользования муниципальному бюджетному учреждению городского округа Тольятти ""Парки города""";
2;Аллея отдыха;"Территория вдоль ул. Революционной от пр-та Ленинского до ТЦ ""Город цветов"", от ул. Революционной до ул. Юбилейной, в том числе земельный участок с кадастровым номером 63:09:0101164:521";Муниципальная собственность;Земельный участок сформирован с точными границами
3;Зона отдыха;Б-р Луначарского, 4, 8 (территория вдоль б-ра Луначарского, до границ жилой застройки);Государственная собственность не разграничена;Территория общего пользования
4;Зона отдыха;Площадка между жилыми домами б-р Курчатова, 10, 12, 3, 5;Государственная собственность не разграничена;Территория общего пользования
5;Зона отдыха;Восточнее дома N 14 по б-ру Гая, в том числе земельный участок с кадастровым номером 63:09:0101150:627;Государственная собственность не разграничена;
6;"Сквер семейного отдыха ""Аллея ветеранов""";Площадка между зданиями N 82, 86 по ул. 40 лет Победы и N 55а, 51 по ул. Автостроителей, в том числе земельный участок с кадастровым номером 63:09:0101151:548;В общей долевой собственности многоквартирного дома ул. 40 лет Победы, 82;
7;Аллея ветеранов Великой Отечественной войны (в честь 60-летия Победы);Б-р Гая, 18;Государственная собственность не разграничена;Территория общего пользования
8;Сквер семейного отдыха;Б-р Кулибина, 2, территория вдоль б-ра Кулибина до границ жилой застройки;Государственная собственность не разграничена;Территория общего пользования
9;Сквер семейного отдыха;Б-р Орджоникидзе, территория вдоль б-ра Орджоникидзе до границ жилой застройки;Государственная собственность не разграничена;Территория общего пользования
10;Сквер семейного отдыха;Территория вдоль б-ра Туполева от пр-та Ленинского до дублера ул. Свердлова до границ жилой застройки;Государственная собственность не разграничена;Территория общего пользования
11;Сквер семейного отдыха;Территория от дома N 12 по ул. Автостроителей, включая бульвар Солнечный до ул. 70 лет Октября;Государственная собственность не разграничена;Территория общего пользования
12;Сквер семейного отдыха;От пр-та Ст. Разина до б-ра Буденного вдоль жилых домов по адресу: пр-т Ст. Разина, 42, ул. Фрунзе, 17, до б-ра Буденного, 1 (лицей N 37);Государственная собственность не разграничена;Территория общего пользования
13;Сквер семейного отдыха;Территория вдоль б-ра Королева до границ жилой застройки;Государственная собственность не разграничена;Территория общего пользования
14;Сквер семейного отдыха;Территория вдоль б-ра Курчатова до зоны жилой застройки (б-р Курчатова, 14, 20, ул. Свердлова, 44);В общей долевой собственности многоквартирного дома б-р Курчатова, 14;Участок не сформирован
15;Сквер семейного отдыха;Б-р Курчатова, восточнее жилого дома N 6, в том числе земельный участок с кадастровым номером 63:09:0101161:569;"Муниципальная собственность, договор аренды N 1788 от 18.08.2008 с ООО ""Парк Сервис""";"Договор аренды N 1788 от 18.08.2008 с ООО ""Парк Сервис"", исключен"
16;Сквер семейного отдыха;Территория вдоль б-ра Гая: от ул. Свердлова до дублера ул. Дзержинского до границ жилой застройки;Государственная собственность не разграничена;
17;Сквер семейного отдыха;Ул. 40 лет Победы, 112, совместно с территорией вдоль школы N 81 от въезда ул. 40 лет Победы, 116 до сквозного проезда;Государственная собственность не разграничена;Территория общего пользования
18;Сквер семейного отдыха;Территория, ограниченная зоной застройки: пр-т Ленинский, 17, 15, 21, пр-т Степана Разина, 32;Государственная собственность не разграничена;Территория общего пользования (спортивная площадка)
19;Сквер семейного отдыха;Ул. Тополиная, 43 (с южной стороны);Государственная собственность не разграничена;Территория общего пользования
20;Сквер семейного отдыха;Ул. 40 лет Победы, 48, в том числе земельный участок с кадастровым номером 63:09:0101154:529;В общей долевой собственности многоквартирного дома;
21;Сквер семейного отдыха;Земельный участок южнее ул. Революционной, 30 до б-ра Баумана;Государственная собственность не разграничена;Территория общего пользования
22;Сквер;Ул. Льва Яшина, 5 (восточнее);Государственная собственность не разграничена;Территория общего пользования
23;Сквер памяти С.Ф. Жилкина;Севернее здания, расположенного по адресу: ул. Революционная, 25, в том числе земельный участок с кадастровым номером 63:09:0101173:509;Муниципальная собственность, договор аренды N 2441 от 20.07.2011 (на 49 лет);
24;"Итальянский сквер с памятным знаком ""Пальмиро Тольятти""";Западнее здания, расположенного по б-ру Приморскому, 37, в том числе земельный участок с кадастровым номером 63:09:0101179:2;"Муниципальная собственность, в бессрочном пользовании у МБОУ ДОД КСДЮСШОР N 13 ""Волгарь""";
25;Сквер семейного отдыха;Б-р Космонавтов, 1 (территория вдоль бульвара Космонавтов до границ жилой застройки);Государственная собственность не разграничена;Территория общего пользования
26;Сквер семейного отдыха;"Территория с южной стороны ТЦ ""Русь на Волге"" от въезда с ул. Фрунзе до ул. Революционной";Государственная собственность не разграничена;Территория общего пользования
27;Сквер;Территория, расположенная между домами N 41 по ул. Свердлова и N 30 по ул. Революционной;Государственная собственность не разграничена;Территория общего пользования
28;Зона отдыха;Территория, расположенная между домами N 36 по пр-ту Ленинскому и N 40, 44 по ул. Революционной;Государственная собственность не разграничена;Территория общего пользования
29;Фонтан;Ул. Автостроителей, 12;Государственная собственность не разграничена;Территория общего пользования
30;Сквер;Территория, расположенная между б-ром Баумана и домом N 36 по пр-ту Ленинскому;Государственная собственность не разграничена;Территория общего пользования
31;Земельный участок рядом с Церковью Покрова Пресвятой Богородицы;Территория севернее и восточнее Церкви Покрова Пресвятой Богородицы, ограниченная ул. Дзержинского, ул. Ворошилова, дублером ул. Ворошилова, б-ром Луначарского до границ Церкви, в том числе земельный участок с кадастровым номером 63:09:0101162:540;Договор безвозмездного срочного пользования N 41 от 09.07.2013;
32;Рекреационная зона;"Территория, расположенная западнее кинотеатра ""Сатурн"" от пересечении ул. Революционной и ул. Свердлова до границ здания N 9а по ул. Революционной. 1. 63:09:0101160:514, 2. Жилой комплекс N 2, 3.63:09:0101160:11 кинотеатр ""Сатурн"" , 4. От ул. Свердлова по ул. Революционной на север, далее на восток до границы земельного участка под кинотеатром ""Сатурн"", на юг до ул. Свердлова, на кадастровом учете не стоит";1. Общая долевая собственность жилого комплекса ул. Революционная, 7, 2. Общая долевая собственность жилого комплекса N 2, 3. Частная собственность, 4.Государственная собственность не разграничена;
33;Земельный участок;Территория, прилегающая к зданию на ул. Свердлова, 11А, по границам: пр-т Ст. Разина, ул. Свердлова, проезд западнее дома N 11 по ул. Свердлова, севернее дома N 23 по пр-ту Ст. Разина, севернее дома N 25 по пр-ту Ст. Разина, по границам внутриквартального проезда, в том числе земельный участок с кадастровым номером 63:09:0101166:609;Частная собственность;
34;Зона отдыха;Территория вдоль бульвара Орджоникидзе, восточнее дома N 26 по пр-ту Ленинскому;Государственная собственность не разграничена;Территория общего пользования
35;Проектирование площади Автозаводского района;"Территория между ул. Революционной, ул. Юбилейной, ул. Фрунзе, МАУ ""ДКиТ"", в том числе:1. В границах: ул. Фрунзе, ул. Революционная до МАУ ""ДКиТ"", вдоль МАУ ""ДКиТ"", ул. Юбилейная, ул. Фрунзе - земельный участок с кадастровым номером 63:09:0101173:515 , 2. Земельный участок 63:09:0101173:509 под зданием МАУ ""ДКиТ""";"1. Не является муниципальной собственностью, договор аренды N 2555 от 14.02.2012 заключен с ЗАО ""Национальные кредитные карточки"", 2. Муниципальная собственность";
36;Лес за территорией городской больницы N 4;Территория леса восточнее планируемой дороги, соединяющей ул. Механизаторов и ул. Кунеевскую;Государственная собственность не разграничена;Земли городских лесов
37;"Территория бывшего кинотеатра ""Маяк"" по улице Коммунистической";Ул. Коммунистическая, 83, в том числе земельный участок с кадастровым номером 63:09:0201059:540;Государственная собственность не разграничена;
38;Земельный участок;Территория, расположенная между ул. Нижнегородской, ул. Параллельной, пр-дом Майским, до границ застройки;Государственная собственность не разграничена;Территория общего пользования
39;Сквер семейного отдыха;Территория, расположенная южнее пересечения ул. Шлюзовой и ул. Железнодорожной, в том числе земельный участок с кадастровым номером 63:09:0201060:14414;"Договор безвозмездного пользования N 54 от 21.08.2014 с ГКУ ""Управление капитального строительства""";
40;"Территория МЦ ""Спутник""";Ул. Коммунистическая, 90, территория между ул. Коммунистической и набережной, по границам продолжения ул. Матросова и планируемого трехъядерного физкультурно-оздоровительного центра;Государственная собственность не разграничена;Территория общего пользования
41;Парк культуры и отдыха Комсомольского района;Ул. Л. Чайкиной, 36, территория, ограниченная дорогами ул. Краснодонцев, ул. Космодемьянской, ул. Л. Чайкиной, дорога без названия, ограниченная зоной застройки: здание ул. Матросова, 19Б, ул. Мурысева, 67А, в том числе земельный участок с кадастровым номером 63:09:0201057:791;"Муниципальная собственность, предоставлен на праве постоянного (бессрочного) пользования МБУ городского округа Тольятти ""Парки города""";
42;Сквер семейного отдыха;Территория, расположенная к северу от здания ул. Мурысева, 45 до ул. Краснодонцев (между домами N 59 и N 63 по ул. Мурысева);Государственная собственность не разграничена;Территория общего пользования
43;Набережная Комсомольского района имени С.И. Туркина;Территория набережной по границам ул. Коммунистической, продолжения ул. Есенина, водохранилища, продолжения ул. Матросова, за исключением зоны застроек, в том числе земельный участок с кадастровым номером 63:09:0201058:15;Государственная собственность не разграничена;
44;Сквер;Территория восточнее здания Тольяттинского социально-экономического колледжа, между ул. Матросова, 11 и ул. Мурысева, 61А, в том числе земельный участок с кадастровым номером 63:09:0201057:973;Муниципальная собственность;
45;Сквер;"Территория, расположенная южнее рынка ""Кунеевский"" по границам жилых домов N 52, 66, 56 по ул. Л. Чайкиной, в том числе земельный участок с кадастровым номером 63:09:0201059:71";В собственности Самарского фонда жилья и ипотеки;
46;Площадь им. Денисова;"Территория, граничащая с МБОУ ДОД ""Центр развития творчества детей и юношества ""Истоки"", административным зданием N 15 по ул. 60 лет СССР, многоквартирным жилым домом N 13 по ул. 60 лет СССР, участком дороги по ул. Ново-Садовой, границами многоквартирных жилых домов N 44, 45, 48 по ул. 60 лет СССР";Государственная собственность не разграничена;Территория общего пользования
47;Сквер на въезде в мкр. Поволжский;Территория, ограниченная ул. Раздольной, ул. 60 лет СССР, границами многоквартирных жилых домов N 5, 3, 1 по ул. 60 лет СССР, лесным массивом Ново-Буянского лесничества;Государственная собственность не разграничена;Территория общего пользования
48;Сквер Вадима Леванова;Ул. Л. Чайкиной, 65, по адресу: территория восточнее Молодежного драматического театра до ул. Матросова, включая здание Молодежного драматического театра, в том числе земельный участок с кадастровым номером 63:09:0201057:606;"Муниципальная собственность, в бессрочном пользовании МБУИ городского округа Тольятти ""МДТ""";
49;"Сквер ДЦ ""Русич""";"Территория между ул. Крылова, ул. Носова, ДЦ ""Русич"", ул. Носова";Государственная собственность не разграничена;Территория общего пользования (зона парков, бульваров, набережных)
50;Сквер Крылова;"Территория южнее ул. Севастопольской, между домами N 7 по ул. Крылова и N 6 по ул. Севастопольской; между домами N 5, 6 по ул. Крылова;между домами N 7, 8, 9, 10 по ул. Никонова до ул. Носова";Государственная собственность не разграничена;Территория общего пользования (зона парков, бульваров, набережных)
51;Микрорайон Портовый, берег водохранилища, в районе памятника Татищеву;"Территория от кольцевой троллейбусной площадки до берегоукрепления между лесопосадками, включая все объекты, расположенные на данной территории, в том числе земельные участки с кадастровыми номерами:1. 63:09:0305025:925; 2. 63:09:0305025:928; 3. 63:09:0301156:61";"1. Муниципальная собственность; 2. Муниципальная собственность; 3. Договор аренды N 1307 от 27.01.2006";
52;Сквер;"Территория восточнее ДК ""Тольятти"" им. Н.В. Абрамова, по границам улиц Ленинградской, Голосова, Мира. Земельный участок с кадастровым номером 63:09:0301156:11, находится в аренде ООО ""Единение"", договор аренды от 28.01.2008 N 1722";Немуниципальная;
53;Городской Парк культуры и отдыха Центрального района;"Территория между улицами Мира, Победы, Гагарина, Карла Маркса, в том числе: земельный участок с кадастровым номером 63:09:0305001:16, находится в муниципальной собственности городского округа Тольятти, в бессрочном пользовании МБУ городского округа Тольятти ""Парки города"". Вышеуказанный земельный участок был разделен на земельные участки с кадастровыми номерами: 63:09:0305001:523, 63:09:0305001:524, 63:09:0305001:525";Муниципальная собственность;
54;Площадь искусств;Территория западнее здания Тольяттинской филармонии, между ул. Победы, домами N 40, 44 по ул. Победы, включая здание Тольяттинской филармонии;Государственная собственность не разграничена;Территория общего пользования
55;Сквер;Территория вдоль СОШ N 63, гимназии N 9, между ул. Карбышева, 23, ул. Голосова, 28А;Государственная собственность не разграничена;Территория общего пользования
56;Бульвар Молодежный (в т.ч. все памятные сооружения на территории бульвара);Территория от ул. Победы до пл. Свободы, ограниченная проезжей частью б-ра Молодежного, в том числе на территории пешеходной аллеи находится земельный участок с кадастровым номером 63:09:0301158:11, не в аренде;Государственная собственность не разграничена;Территория общего пользования (зона парков, бульваров, набережных)
57;"Сквер ""Икар""";"Территория вдоль жилого дома N 22 по ул. Никонова, восточнее ул. Носова, 21 (""Икар""), граничащая с набережной";Государственная собственность не разграничена;Территория общего пользования
58;"Парк ""Железнодорожный""";Лесопарковая зона между ул. Шлюзовой, ул. Железнодорожной, ул. Никонова до границ жилой застройки;Государственная собственность не разграничена;Территория общего пользования
59;Сквер;"Территория между зданиями ФГБОУ ВПО ""Тольяттинский государственный университет"" (ул. Белорусская, 14), ОАНО ВПО ""Волжский университет имени В.Н. Татищева"" (институт) (ул. Белорусская, 6а) и детским садом N 34";Государственная собственность не разграничена;Земельный участок не сформирован
60;Асфальтированная площадка;"Ул. Гидростроевская, 17, площадка перед зданием филиала ГОУ ВПО ""Поволжский государственный университет"", в том числе земельный участок с кадастровым номером 63:09:0301104:13";"Федеральная собственность, предоставлен на праве постоянного (бессрочного) пользования ГОУ ВПО ""Поволжский государственный университет""";
61;Сквер;"Ул. Ленинградская, территория перед зданием клуба ""Интурист"", между зданием МУИ драматический театр ""Колесо"" и домом N 35 по ул. Ленинградской, в том числе земельный участок с кадастровым номером 63:09:0301164:517";"Муниципальная собственность, предоставлен на праве постоянного (бессрочного) пользования МУИ драматический театр ""Колесо""";
62;Сквер;"Ул. Ленинградская, сквер с западной стороны Дома быта ""Россия""";Государственная собственность не разграничена;Земельный участок не сформирован
63;Сквер;"Ул. Мира, территория вдоль дома N 123 (магазин ""БОН-БОН""), в том числе земельный участок с кадастровым номером 63:09:0301154:562";В общей долевой собственности многоквартирного дома ул. Мира, 123;
64;Сквер;Ул. Мира, территория между домами N 39, 41, 43;Государственная собственность не разграничена;Земельный участок не сформирован
65;Сквер;"Ул. Мира, территория между домами N 51, 53, 55, в том числе:1. 63:09:0301100:531; 2. Земельный участок под жилым домом N 51 по ул. Мира (земельный участок не сформирован)";"1. В общей долевой собственности многоквартирного дома ул. Мира, 55.; 2. После постановки на кадастровый учет будет в общей долевой собственности многоквартирного дома N 51 по ул. Мира";
66;Сквер;Ул. Ленинградская, территория между зданием поликлиники (ул. Ленинградская, 48) и детским садом (ул. Ленинградская, 54), в том числе земельный участок с кадастровым номером 63:09:0301100:534;"Муниципальная собственность, предоставлен на праве постоянного (бессрочного) пользования МБУ детский сад N 26 ""Сказка""";
67;Сквер;Квартал 143, территория вдоль дороги на многопрофильную больницу и домом N 47 по Автозаводскому шоссе;Государственная собственность не разграничена;Земельный участок не сформирован
68;Сквер;Территория вдоль ул. Лесной, между домами N 36, 44;Государственная собственность не разграничена;Земельный участок не сформирован
69;Сквер;Территория вдоль ул. Лесной, между домами N 52, 46. В границах территории расположен земельный участок с кадастровым номером 63:09:0301138:789 под эксплуатацию модульного павильона с летним кафе;Государственная собственность не разграничена;Земельный участок не сформирован
70;Сквер;Территория вдоль ул. Лесной, между домами N 60, 54;Государственная собственность не разграничена;Земельный участок не сформирован
71;Сквер семейного отдыха;Территория, расположенная к северу от здания ул. Коммунистическая, 43, до ул. Мурысева (между домами N 52 и N 54 по ул. Мурысева). В границах территории расположен земельный участок с кадастровым номером 63:09:0201057:872. Для строительства административного здания;Государственная собственность не разграничена;
72;Сквер семейного отдыха;Территория между жилыми домами 73, 75, 85 по ул. Юбилейной, в том числе земельный участок с кадастровым номером 63:09:0101180:16;Часть территории не разграничена. Часть предоставлена под размещение временного объекта - круглосуточной автостоянки;Ведется строительство
73;Сквер на ул. Ушакова;Территория между улицами Баныкина, Мира до границ жилой застройки;Государственная собственность не разграничена;Земельный участок не сформирован
74;Сквер;Территория западнее ул. Победы, 52, между домами N 50а, 60 по ул. Победы и улицей Победы, в том числе земельный участок с кадастровым номером 63:09:0301151:588;В общей долевой собственности многоквартирного дома ул. Победы, 52;
75;Площадь Свободы;"Территория, ограниченная ул. Карла Маркса, зданиями мэрии, театра кукол ""Пилигрим"", администрацией Ставропольского района, в том числе земельный участок с кадастровым номером 63:09:0301148:554";Муниципальная собственность - 63:09:0301148:554 под обелиском Славы;
76;Площадь Автозаводского района;"Территория между ул. Революционной, ул. Юбилейной, ул. Фрунзе, пр-том Ленинским. 1. 63:09:0101177:6;  2. 63:09:0101177:3;  3.63:09:0101177:5";"1. Для строительства универсального комплекса с инженерно-техническим обеспечением. 2. Права не оформлены. 3.Муниципальная собственность (в постоянном (бессрочном) пользовании у МБУ г.о. Тольятти ""Парки города"" для дальнейшей эксплуатации парка культуры и отдыха ""Победа"" (зона N Р-1)";Ранее учтенный, Ранее учтенный
77;Территория квартала 71 напротив Краеведческого музея;"Б-р Ленина (четная сторона от ул. Баныкина до ул. Ленинградской), ул. Баныкина (от б-ра Ленина до дома N 16 по ул. Баныкина), ул. Ленинградская (от б-ра Ленина до дома N 3А по б-ру Ленина. 1. 63:09:0301114:3;  2.63:09:0301114:511";Государственная собственность не разграничена;
78;Центральная площадь;"Ул. Мира с северной стороны (от пл. Центральной до ул. Победы); ул. Ленинградская с южной стороны (от пл. Центральной до ДК ""Тольятти""); пл. Центральная с западной стороны (от ул. Ленинградской до ул. Мира), включая все объекты, расположенные на Центральной площади. 1. 63:09:0301156:530; 2.63:09:0301156:5; 3. 63:09:0301156:512; 4.63:09:0301156:522";1. Муниципальная собственность. 2.Договор аренды от 04.04.2006 N 1362. 3. Государственная собственность не разграничена. 4. Право собственности Российской Федерации;
79;Аллея Славы;Центральная площадь (восточнее здания Думы городского округа Тольятти);;
80;Территория южнее здания мэрии;Ул. Ингельберга, 1В, до ограждения вдоль ул. Ингельберга;Государственная собственность не разграничена;
81;Территория севернее ограждения здания мэрии;Ул. Ингельберга, 1В, до проезда по ул. Изумрудной, в том числе земельный участок с кадастровым номером 63:09:0201061:1747;Бессрочное пользовании мэрии городского округа Тольятти;
82;Сквер;Территория, расположенная южнее дома N 8 по б-ру Космонавтов (в районе подъездов N 13, 14), в том числе земельный участок с кадастровым номером 63:09:0101152:602;Общая долевая собственность многоквартирного жилого дома по б-ру Космонавтов, 8;
83;Цветники;Территория, расположенная восточнее домов N 34, 40, 44, 58, 60, 62, 64, 66 по ул. Революционной;Государственная собственность не разграничена;
84;Микрорайон Портовый, территория под размещение памятного знака И.В. Комзину;Территория, расположенная в границах: ул. Комзина (нечетная сторона) от Комсомольского шоссе, между магистральной дорогой и домом N 21 по ул. Комзина;Государственная собственность не разграничена;
85;Земельный участок, расположенный на пересечении Комсомольского шоссе и ул. Комзина, с размещенной на нем Стелой;"Ул. Комзина (четная сторона) от Комсомольского шоссе до дороги к дому N 8 по ул. Комзина; Комсомольское шоссе (четная сторона) от ул. Комзина до проезда между стадионом и Приходом в честь Успения Пресвятой Богородицы; юго-восточная сторона до границ застройки Прихода в честь Успения Пресвятой Богородицы";Государственная собственность не разграничена;Для размещения Мемориального комплекса памяти героям-гидростроителям во главе с И.В. Комзиным
86;Сквер;"Территория, расположенная севернее МАУ ""ДКиТ"", здания N 25 по ул. Революционной, по границам пр-та Ленинского, ул. Юбилейной, ул. Революционной. 1. 63:09:0101173:512; 2.63:09:0101173:509; 3. 63:09:0101173:531";"1. Договор аренды от 15.03.2011 N 2355 (ООО ""Прогресс""). 2.Муниципальная собственность, договор аренды от 20.07.2011 N 2441. 3. Безвозмездное срочное пользования по договору от 13.10.2011 N 24";
87;Земельный участок;"Территория, расположенная за МБУИ городского округа Тольятти ""Театр кукол ""Пилигрим"" (театральный сад) в границах ул. Пушкина от пл. Свободы до ул. Садовой, ул. Садовая от ул. Пушкина до границ территории стадиона ""Труд"", в том числе земельный участок с кадастровым номером 63:09:0301148:502";"Муниципальная собственность, в бессрочном пользовании МБУИ городского округа Тольятти ""Театр кукол ""Пилигрим""";
88;Парковая зона;Территория мкр Шлюзовой, расположенная северо-западнее от ул. Шлюзовой, 35, между ул. Железнодорожной и дублером ул. Железнодорожной, вдоль домов ул. Шлюзовая, 35, ул. Железнодорожная, N 49а, 39, 33а до проезда Дорофеева, исключая автостоянки и строения;Государственная собственность не разграничена;
89;Сквер;"Территория мкр Шлюзовой, расположенная севернее ул. Гидротехнической между домами N 35а по ул. Гидротехнической (""Вертикаль""), N 33 по ул. Гидротехнической, N 43, 47 по ул. Железнодорожной до дублера ул. Железнодорожной, исключая автостоянки";Государственная собственность не разграничена;
90;Сквер;"Территория мкр Шлюзовой, расположенная вдоль ул. Зеленой до лесопарковой зоны, между домами N 8 по ул. Шлюзовой (Детский дом ""Единство"") и N 15 по ул. Шлюзовой (городская инфекционная больница)";Государственная собственность не разграничена;
91;Сквер;Территория, расположенная южнее жилого дома N 73 по ул. Л. Чайкиной, до проезда вдоль домов N 69, 71 по ул. Л. Чайкиной;Государственная собственность не разграничена;
92;Земельный участок;"Территория, на которой ранее располагался клуб ""Гидростроитель"", северо-восточнее указателя улицы Комзина, юго-восточнее жилого дома N 23 по ул. Комзина, в том числе земельный участок с кадастровым номером 63:09:0301169:75";Муниципальная собственность;На данной территории в муниципальной собственности имеется объект незавершенного строительства - хозблок, расположенный юго-восточнее жилого дома N 23 по ул. Комзина, право муниципальной собственности зарегистрировано в 2006 году по решению суда Центрального района г. Тольятти, право муниципальной собственности на земельный участок под данным объектом зарегистрировано в 2007 году
93;Земельный участок;"Между домами N 28 и 28А по ул. Л. Чайкиной, расположенными в том числе на земельных участках: 1. Земельный участок, предназначенный для объектов жилой застройки, для обслуживания, эксплуатации и благоустройства многоквартирного дома со встроенно-пристроенными нежилыми помещениями, кадастровый номер 63:09:0201057:825; 2. Земельный участок, для объектов общественно-делового значения, для строительства и дальнейшей эксплуатации Свято-Тихоновской церкви, кадастровый номер 63:09:0201057:944";Государственная собственность не разграничена;
94;Земельный участок;Севернее дома N 30 по ул. Матросова, в том числе земельный участок для объектов общественно-делового значения, административные здания, кадастровый номер 63:09:0201059:12836;Частная собственность - Шевелев Д.Н.;"Управление организации муниципальных торгов мэрии городского округа Тольятти (организатор торгов) сообщает: 29 июня 2012 года состоялся аукцион по продаже земельного участка, расположенного севернее здания, имеющего адрес: ул. Матросова, 30, Комсомольский район, г. Тольятти, площадью 1 910 кв. м (кадастровый номер 63:09:0201059:12836), сформированного для строительства административного здания (зона Ж-4). Границы земельного участка в соответствии с кадастровым паспортом земельного участка от 17.01.2012 N 63-00-102/12-9583. В соответствии с протоколом о результатах аукциона от 29.06.2012 победителем аукциона признан Шевелев Дмитрий Николаевич. Основание проведения торгов: постановление мэрии городского округа Тольятти N 1465-п/1 от 16.05.2012 ""О проведении торгов в форме аукциона по продаже земельного участка, расположенного севернее здания, имеющего адрес: ул. Матросова, 30, Комсомольский район, г. Тольятти"". Извещение о результатах аукциона опубликовано в газете ""Городские ведомости"" N 74 (1431) от 17.07.2012"
95;Земельный участок;Территория, расположенная севернее пересечения Комсомольского шоссе и ул. Комзина, в том числе земельный участок с кадастровым номером 63:09:0301169:75;Муниципальная собственность;
96;Земельный участок;Территория, расположенная на пересечении Комсомольского шоссе и ул. Комзина, с размещенной на нем стелой (знак к 250-летию Ставрополя - Тольятти);Государственная собственность не разграничена;
97;Аллея спортивной славы;"Территория, прилегающая к спортивному комплексу ""Олимп"", в том числе земельный участок с кадастровым номером 63:09:0101178:9";"Муниципальная собственность, предоставлен на праве постоянного (бессрочного) пользования МБУ ДОКС ДЮСШОР N 10 ""Олимп""";
98;"Территория, прилегающая к МАУИ ""Театр юного зрителя ""Дилижанс""";"Территория, прилегающая к МАУИ ""Театр юного зрителя ""Дилижанс"", по адресу: пр-т Ст. Разина, 93, в том числе земельный участок с кадастровым номером 63:09:0101181:510";"Земельный участок, общей площадью 5593 кв. м, адрес (местонахождение): г. Тольятти, проспект Степана Разина, д. 93, право муниципальной собственности зарегистрировано 27.11.2013; предоставлен в постоянное (бессрочное) пользование МАУИ г.о. Тольятти ""Театр юного зрителя ""Дилижанс"", право зарегистрировано 24.10.2014";"На указанном земельном участке расположено нежилое отдельно стоящее здание кинотеатра ""Юность"", общей площадью 1649,5 кв. м, реестровый номер П1300000006297, право муниципальной собственности зарегистрировано 31.10.2001.  Здание предоставлено в ОУ МАУИ г.о. Тольятти ""Театр юного зрителя ""Дилижанс"", право ОУ зарегистрировано 18.09.2012"
99;Транспортная развязка с городскими дорогами и элементами обустройства центра города;"Территория северо-восточнее и юго-западнее здания, имеющего адрес: ул. Юбилейная, 8, в том числе земельный участок с кадастровым номером 63:09:0101173:509 для дальнейшей эксплуатации административного здания, ТП (лит. А2), торгово-развлекательного, административного комплекса с пунктами общественного питания, нежилых помещений в здании МАУ ""ДКИТ""";Собственность муниципального образования: Договор аренды земельного участка N 2441 от 20.07.2011 сроком на 49 лет;
100;Земельный участок;"Территория МБОУДОД ""Дворец детского и юношеского творчества"", расположенная по адресу: пр-т Ст. Разина, 99, в границах ул. Жукова, ул. Спортивной, пр-та Ст. Разина, в том числе земельный участок с кадастровым номером 63:09:0101181:10";"Муниципальная собственность. Право постоянного (бессрочного) пользования. МБОУДОД ""Дворец детского и юношеского творчества""";
101;Сквер семейного отдыха;Территория, ограниченная домами N 11 и N 13 по б-ру Татищева;Государственная собственность не разграничена;
102;Сквер семейного отдыха;"Территория севернее здания ТК ""Лада-Восход"" ул. 70 лет Октября, 28-Б, ограниченная домами N 24 и N 34 по ул. 70 лет Октября, N 17 по ул. Тополиной. 1. 63:09:0101157:559; 2. 63:09:0101157:578";1. Многоквартирный дом.  2. Многоквартирный дом;Часть участка неразграниченная государственная собственность
103;Сквер;Территория, расположенная между домом N 71 по пр-ту Ст. Разина и МБУ СОШ N 59;Собственность не разграничена;Государственная собственность не разграничена, территория общего пользования
104;Сквер;Территория, расположенная между домом N 87 по пр-ту Ст. Разина и МБУ СОШ N 67. 1. МБУ СОШ N 67 - земельный участок для объектов общественно-делового значения, для дальнейшей эксплуатации зданий лицея N 67 и манежа, кадастровый номер 63:09:0101169:535. 2. Дом N 87 по пр-ту Ст. Разина - земельный участок для объектов жилой застройки, для эксплуатации многоквартирного дома, кадастровый номер 63:09:0101169:565.  3.Земельный участок между указанными зданиями не выделен;1. Муниципальная собственность. 2. Собственность многоквартирного дома. 3. Государственная собственность не разграничена;
105;Сквер;Территория, расположенная между домом N 7 по ул. Фрунзе и МБУ СОШ N 59. 1. МБУ СОШ N 59 - земельный участок для объектов общественно-делового значения, для дальнейшей эксплуатации здания школы (зона N Ж-4), кадастровый номер 63:09:0101169:512. 2. Дом N 7 по ул. Фрунзе - земельный участок для объектов жилой застройки, для эксплуатации многоквартирного дома, кадастровый номер 63:09:0101169:561. 3.Земельный участок между указанными зданиями не выделен;1. Муниципальная собственность. 2. Собственность многоквартирного дома. 3. Государственная собственность не разграничена;
106;"Сквер ""Надежда""";Территория восточнее дома N 37 по Южному шоссе, прилегающая к б-ру Рябиновому. 1. На данной территории один земельный участок предназначен для объектов общественно-делового значения, по документу: размещение объекта временного использования крытого мини-рынка модульного типа, кадастровый номер 63:09:0101157:56 (по сведениям публичной кадастровой карты). 2. Второй земельный участок - для объектов жилой застройки, по документу: под организацию строительства жилой вставки (зона Ж-4), кадастровый номер 63:09:0101157:74;Не оформлена;
107;Сквер семейного отдыха;"Территория, расположенная севернее дома N 25 по б-ру Цветному  Земельный участок не выделен, государственная собственность не разграничена; под жилым домом N 25 по б-ру Цветному, сформирован земельный участок для объектов жилой застройки, по документу: для дальнейшей эксплуатации многоквартирного дома, кадастровый номер 63:09:0101153:603";Государственная собственность не разграничена;
108;Аллея ветеранов;Территория, расположенная севернее дома N 15 по ул. Тополиной;Государственная собственность не разграничена;
109;Рекреационная зона;Бульвар Буденного;Государственная собственность не разграничена;
110;Рекреационная зона;Бульвар Баумана;Государственная собственность не разграничена;
111;Рекреационная зона;Въезд в квартал от б-ра Приморскому до б-ра Королева;Государственная собственность не разграничена;
112;Рекреационная зона;"Территория между домами N 29 по пр-ту Ленинскому, N 22 по ул. Фрунзе и лицеем N 51. 1. 63:09:0101175:520; 2. 63:09:0101175:512";1. Общая долевая собственность многоквартирного жилого дома по пр-ту Ленинскому, 29.  2. Общая долевая собственность многоквартирного жилого дома по ул. Фрунзе, 22;
113;Рекреационная зона;Территория вдоль дома N 71 по пр-ту Ст. Разина, с северной стороны сквера от ул. М. Жукова до пр-та Ст. Разина;Государственная собственность не разграничена;
114 <*>;Рекреационная зона;"Бульвар Космонавтов, напротив дома N 28 по б-ру Космонавтов, в том числе земельные участки с кадастровыми номерами: 1. Земельный участок 63:09:0101152:12537; 2. Территория б-ра Космонавтов, восточнее дома N 28";1. Общая долевая собственность многоквартирного дома по б-ру Космонавтов, 28. 2. Государственная собственность не разграничена;Часть земельного участка вошла в земельный участок, формируемый под многоквартирный жилой дом по б-ру Космонавтов, 28. Земельный участок на кадастровый учет не поставлен. Готовится межевое дело
115;Рекреационная зона;"Вдоль школы N 73 от сквозного проезда до жилого дома N 15 по Приморскому б-ру ""Калина""";Государственная собственность не разграничена;
116;Рекреационная зона;Бульвар Кулибина;Государственная собственность не разграничена;
117;Рекреационная зона;Бульвар Рябиновый, напротив дома N 4 по б-ру Рябиновому;Государственная собственность не разграничена;
118;Рекреационная зона;Бульвар Луначарского;Государственная собственность не разграничена;
119;Рекреационная зона;1. Бульвар Курчатова. 2. Часть земельного участка с кадастровым номером 63:09:0101161:582 для дальнейшей эксплуатации дома;1. Государственная собственность не разграничена. 2. Общая долевая собственность многоквартирного жилого дома по бул. Курчатова, 13;
120;Рекреационная зона;Вдоль школы N 81 от въезда ул. 40 лет Победы, 116, до сквозного проезда. 1. 63:09:0301167:558  2. 63:09:0301167:551  3. 63:09:0301167:559;1. Общая долевая собственность многоквартирного жилого дома по ул. 40 лет Победы, 114. 2.Общая долевая собственность многоквартирного жилого дома по ул. 40 лет Победы, 116. 3.Общая долевая собственность многоквартирного жилого дома по ул. 40 лет Победы, 122;
121;Рекреационная зона;Вдоль ул. Автостроителей;Государственная собственность не разграничена;
122;Рекреационная зона;Бульвар Цветной;Государственная собственность не разграничена;
123;Рекреационная зона;Вдоль ул. 40 лет Победы;Государственная собственность не разграничена;
124;Рекреационная зона;Бульвар Татищева;Государственная собственность не разграничена;
125;Рекреационная зона;"Между домом N 6 по ул. 40 лет Победы и N 19 по Южному шоссе. 1. 63:09:0101158:3828; 2.63:09:0101158:3918";"1. Для целей, не связанных со строительством, договор аренды N 2755 от 23.08.2013 по 03.09.2016.  2. Для целей, не связанных со строительством, договор аренды N 2749 от 13.08.2013, 12.11.2018 (письмо-уведомление мэрии от 24.10.2014 о расторжении договора в связи с предстоящим формированием земельного участка для строительства детского сада в 21 квартале Автозаводского района, юго-западнее жилого дома по Южному шоссе, 19, планируемого в рамках муниципальной программы ""Дети городского округа Тольятти"" на 2014 - 2016 годы)";
126;Рекреационная зона;Сквер по ул. Жилина;Государственная собственность не разграничена;Утверждена схема расположения земельного участка под ул. Жилина. После постановки на государственный кадастровый учет земельный участок будет оформляться в муниципальную собственность
127;Рекреационная зона;Сквер по ул. К. Маркса;Государственная собственность не разграничена;
128;Рекреационная зона;Квартал N 32 - участок между домами N 62, 68 по ул. К. Маркса и домами N 119, 113, 111 по ул. Ленина, в том числе земельный участок с кадастровым номером 63:09:0301158:27;63:09:0301158:27 - договор аренды от 01.02.2008 N 1728;
129;Рекреационная зона;Сквер на площади Центральной, в том числе земельный участок с кадастровым номером 63:09:0301156:530;Муниципальная собственность;
130;Рекреационная зона;Бульвар Островского;;
131;Рекреационная зона;Территория стадиона в мкр. Федоровка;;
132;Мемориальная доска на школе, где учился Моряков В.В., участник афганской войны;Комсомольский район, ул. Мурысева, 61, фасад здания МОУ лицей N 6;;
133;"Мемориальная доска на доме, где проживал В.Е. Иванов, журналист, основатель газеты ""Тольяттинское обозрение""";Автозаводский район, б-р Гая, 21 (земельный участок для объектов жилой застройки, для эксплуатации многоквартирного дома б-р Гая, 21, площадь 6 105,00 кв. м, кадастровый номер 63:09:0101150:655);Общая долевая собственность многоквартирного жилого дома;Мемориальная доска в муниципальную собственность не передавалась
134;Памятная доска о строительстве школы в год 70-летия Великой Октябрьской Социалистической революции;Комсомольский район, ул. Мурысева, фасад здания МОУ школа N 18;;
135;Памятная доска ДКС Союзэнергожилстроя и Спецжилстроя КГС о вводе 3 млн кв. м жилья;Центральный район, ул. Баныкина, 20, фасад здания (земельный участок, предназначенный для объектов жилой застройки, для дальнейшей эксплуатации многоквартирного дома, кадастровый номер 63:09:0301115:530);Общая долевая собственность многоквартирного жилого дома;
136;Стела В.В. Баныкину;Микрорайон Портовый, берег водохранилища;Муниципальная собственность. Движимое имущество;
137;Мемориал умершим в годы Великой Отечественной войны;Микрорайон Портовый, берег водохранилища;Муниципальная собственность. Недвижимое имущество  Право собственности зарегистрировано;
138;Памятный знак в честь 50-летия Великой Отечественной войны (Аллея ветеранов);Центральный р-н, городской Парк культуры и отдыха;Обращений по оформлению права собственности не поступало. В связи с этим процедура оформления не проводилась;
139;Памятник В.Н. Татищеву;Микрорайон Портовый, набережная;Муниципальная собственность. Недвижимое имущество;
140;"Скульптурная композиция ""Николай Чудотворец""";Центральная площадь;Права муниципальной собственности на объект не оформлены;
141;"Монументально-скульптурная композиция ""За власть Советов""";Комсомольский р-н, ул. Коммунистическая, 120;Муниципальная собственность. Движимое имущество;
142;Мемориальная доска на доме, в котором жил Герой Советского Союза Н.В. Черненко;Ул. 70 лет Октября, 9 (земельный участок с кадастровым номером 63:09:0101154:536);Общая долевая собственность многоквартирного жилого дома по ул. 70 лет Октября, 9;
143;"Закладной камень в честь ""Пальмиро Тольятти""";Западнее здания Приморский б-р, 37, территория Итальянского сквера (земельный участок с кадастровым номером 63:09:0101170:620);Многоквартирный жилой дом;
144;"Монументально-мозаичная стела-панно ""Радость труда""";Автозаводский район, юго-западнее здания, имеющего адрес: бульвар Приморский, 37 (земельный участок с кадастровым номером 63:09:0101179:5);"Муниципальная собственность. Под строительство культурно-выставочного комплекса, договор аренды земельного участка от 07.06.2006 N 1394 на 8 лет ООО ""ЭКСПО-ТОЛЬЯТТИ""";
145;Фонтан (технологический);Западнее здания Приморский б-р, 37, территория Итальянского сквера;;
146;Фонтаны (технологические);Западнее территории Парка Победы в Автозаводском районе (земельный участок с кадастровым номером 63:09:0101177:5);"Собственность муниципального образования У МБУ г.о. Тольятти ""Парки города"" на праве постоянного (бессрочного) пользования";
147;Фонтан (технологический);"Ул. Свердлова, территория южнее кинотеатра ""Сатурн"" (земельный участок с кадастровым номером 63:09:0101160:11)";Частная собственность;
148;Памятник-бюст маршала, Героя Советского Союза Г.К. Жукова;Ул. Жукова, 14, на территории сквера им. М. Жукова;Государственная собственность не разграничена;
149;Памятник-бюст генерала, Героя Советского Союза Д.М. Карбышева;Ул. Дзержинского, 2-А, перед зданием в/ч 21208 (земельный участок с кадастровым номером 63:09:0102151:22);Собственность Российской Федерации;
150;Памятник-бюст В.Н. Полякова;"Южное шоссе, 36, на площади у здания ОАО ""АВТОВАЗ""(земельный участок с кадастровым номером 63:09:0102159:1)";Собственность Российской Федерации;
151;"Памятник-символ ""За отвагу""";Ул. 40 лет Победы, на территории МОУ СОШ N 93 (земельный участок с кадастровым номером 63:09:0101158:514);Муниципальная собственность. Постоянное (бессрочное) пользование за МОУ СОШ N 93;
152;Памятный знак (камень) в честь 60-летия Победы в Великой Отечественной войне 1941 - 1945 гг.;Ул. 40 лет Победы, 86, территория севернее БУ СОШ N 70 (земельный участок с кадастровым номером 63:09:0101151:517);Муниципальная собственность. Постоянное (бессрочное) пользование за МБУ СОШ N 70;
153;Памятный знак (камень) в честь ликвидаторов чернобыльской катастрофы и всех пострадавших от радиации и техногенных аварий;Б-р Космонавтов, 26 (земельный участок с кадастровым номером 63:09:0101152:581);Общая долевая собственность многоквартирного жилого дома по б-ру Космонавтов, 26;
154;Памятник-бюст Г. Гая;Б-р Буденного, 9, территория МБУ СОШ N 33 (земельный участок с кадастровым номером 63:09:0101170:569);Муниципальная собственность. Постоянное (бессрочное) пользование за МБУ СОШ N 33;
155;Памятный знак (камень) в честь 60-летия Победы;"Б-р Гая, 18, 22. 1. 63:09:0101150:663; 2. 63:09:0101150:666";1. Многоквартирный дом 2. Многоквартирный дом;
156;Памятный знак (камень) в честь 55-й годовщины Победы;На территории Аллеи ветеранов Великой Отечественной войны, между МБУ СОШ N 99 и домом N 15 по ул. Тополиной;Государственная собственность не разграничена;
157;Памятный знак (камень) в честь Победителей в Великой Отечественной войне;На территории Аллеи ветеранов Великой Отечественной войны, б-р Цветной, 25;Государственная собственность не разграничена;
158;Памятный знак (камень) в честь открытия сквера в 2005 году;Б-р Татищева, 11, 13;Государственная собственность не разграничена;
159;Памятный знак пограничникам;Ул. Юбилейная, территория Парка Победы в Автозаводском районе;"Собственность муниципального образования У МБУ г.о. Тольятти ""Парки города"" на праве постоянного (бессрочного) пользования";
160;"Памятник ""Преданность""";Автозаводский район, на пересечении Южного шоссе и ул. Льва Яшина;Государственная собственность не разграничена;
161;"Скульптурная композиция ""Сон""";"Автозаводский район, ул. Революционная, около кинотеатра ""Сатурн"" (земельный участок с кадастровым номером 63:09:0101160:11)";Частная собственность;
162;"Скульптурная композиция ""Лето""";"Приморский б-р, 49, у спортивного комплекса ""Олимп"" (земельный участок с кадастровым номером 63:09:0101178:9)";"Собственность муниципального образования МОУ ДОД К СДЮСШОР ""Олимп"" на праве постоянного (бессрочного) пользования";
163;"Скульптурная композиция ""Танец""";Автозаводский район, ул. Революционная (земельный участок с кадастровым номером 63:09:0101160:511);Земельный участок исключен из муниципальной собственности - территория многоквартирного дома. Скульптура является движимым имуществом. В силу прямого указания закона (Постановление ВС РФ 3020-1 от 27.12.1991) объекты благоустройства являются муниципальной собственностью, как самостоятельные объекты учета в реестре муниципальной собственности не числятся. Отдельного оформления не требуется;
164;"Скульптурная композиция ""На берегу""";Территория Парка Победы в Автозаводском районе (земельный участок с кадастровым номером 63:09:0101177:5);"Муниципальная собственность. В бессрочном пользовании МБУ ""Парки города""";
165;"Монументальная декоративно-скульптурная композиция ""Транспорт""";Автозаводский район, северо-западнее здания, имеющего адрес: ул. Революционная, 19, строение 1 (земельный участок с кадастровым номером 63:09:0101164:521);Муниципальная собственность;Пароход
166;"Монументальная декоративно-скульптурная композиция ""Транспорт""";Автозаводский район, северо-западнее здания, имеющего адрес: ул. Революционная, 19 (земельный участок с кадастровым номером 63:09:0101164:521);Муниципальная собственность;Воздушный шар
167;"Монументальная декоративно-скульптурная композиция ""Транспорт""";Автозаводский район, юго-западнее здания, имеющего адрес: ул. Революционная, 13;Муниципальная собственность;Паровоз
168;"Памятник ""Военнослужащим, погибшим при исполнении воинского долга""";Автозаводский район, западнее здания, имеющего адрес: ул. Революционная, 19 (земельный участок с кадастровым номером 63:09:0101164:1798);Муниципальная собственность;
169;Камень, установленный Ротари-клуб;Севернее Дворца бракосочетания, ул. Революционная, 25 (земельный участок с кадастровым номером 63:09:0101173:59);Муниципальная собственность. Постоянное (бессрочное) пользование Дворец культуры и техники ВАЗа;
170;"Городская скульптура ""Признание в любви""";Ул. Революционная, 25, севернее Дворца бракосочетания (земельный участок с кадастровым номером 63:09:0101173:59);Муниципальная собственность. Постоянное (бессрочное) пользование Дворец культуры и техники ВАЗа;
171;Монумент Славы;Автозаводский район, северо-восточнее здания (Лит. А), имеющего адрес: ул. Юбилейная, 24 (земельный участок с кадастровым номером 63:09:0101177:5);Муниципальная собственность, оперативное управление, бессрочное пользование;
172;Самоходная установка, танк, орудие;Территория Парка Победы (земельный участок с кадастровым номером 63:09:0101177:5);"Собственность муниципального образования У МБУ г.о. Тольятти ""Парки города"" на праве постоянного (бессрочного) пользования";
173;Памятный знак тольяттинским воинам, погибшим при исполнении служебного долга на Кавказе;Автозаводский район, северо-восточнее здания, имеющего адрес: ул. Юбилейная, 24, строение 1  (земельный участок с кадастровым номером 63:09:0101177:5);Муниципальная собственность, бессрочное пользование;
174;"Памятник ""Воинам-афганцам"" БМП";Автозаводский район, на территории Парка Победы, северо-восточнее здания, имеющего адрес: ул. Юбилейная, 24 (земельный участок с кадастровым номером 63:09:0101177:5);Муниципальная собственность, бессрочное пользование;
175;Берегоукрепление мкр Шлюзовой;Гидротехсооружение вдоль ул. Носова;Государственная собственность не разграничена;
176;Памятник В.И. Денисову;Мкр. Поволжский, территория площади В.И. Денисова;Сведения об официальной установке памятника отсутствуют;Сведений нет
177;"Речное судно на подводных крыльях ""Спутник""";Ул. Коммунистическая, 90;Собственность Российской Федерации;
178;Памятник-горельеф Ульяны Громовой - Героя Советского Союза;Территория севернее здания, имеющего адрес: ул. Громовой, 16 (земельный участок с кадастровым номером 63:09:0204069:919);Муниципальная собственность;Недвижимое имущество
179;Памятный знак-указатель улицы Л. Чайкиной - Героя Советского Союза;Пересечение ул. Ярославской и ул. Л. Чайкиной;Государственная собственность не разграничена;
180;Памятный знак-указатель улицы А. Матросова - Героя Советского Союза;Пересечение ул. Коммунистической и ул. Матросова;Государственная собственность не разграничена;
181;"Горельеф ""Прощанье""";Мкр Федоровка, ул. Ингельберга, 1В (земельный участок с кадастровым номером 63:09:0201061:3145);Муниципальная собственность;Недвижимое имущество
182;Пояснение названия улицы именем ставропольчанина, Героя Великой Отечественной войны 1941 - 1945 гг. В.П. Носова;Ул. Носова, 10 (земельный участок с кадастровым номером 63:09:0201060:730);Муниципальная собственность;
183;Мемориал Е.А. Никонова - Героя Советского Союза;Комсомольский район, юго-западнее пересечения ул. Никонова и ул. Шлюзовой (земельный участок с кадастровым номером 63:09:0201060:14209);Муниципальная собственность;
184;Мемориальная доска на доме, в котором жил Герой Советского Союза К.Н. Викторов;Ул. Никонова, 38. 63:09:0202054:602;Общедолевая собственность;Многоквартирный жилой дом
185;Мемориальный комплекс, посвященный Великой Отечественной войне (Камень и стена с барельефами, танк);Мкр Поволжский, ул. 60 лет СССР, 17, территория площади им. В.И. Денисова;Государственная собственность не разграничена;
186;Памятник-стела жертвам геноцида армянского народа;Майский пр-д, 7, территория МБУ СОШ N 11 (земельный участок с кадастровым номером 63:09:0201062:14);Муниципальная собственность;
187;"Памятная доска о строительстве я/с ""Машенька"" в год 70-летия Великой Октябрьской Социалистической революции";Ул. Гидротехническая, 21 (земельный участок с кадастровым номером 63:09:0201060:40);Муниципальная собственность;
188;Памятная доска ДСК Спецжилстроя о постройке 5 000 000 кв. м жилья в 1985 - 1986 гг.;Ул. Гидротехническая, 27. (земельный участок с кадастровым номером 63:09:0201060:932);Общедолевая собственность;Многоквартирный жилой дом
189;Мемориальная доска на доме, в котором жил герой Российской Федерации В.П. Носов;Пионерский проезд, 7;;Индивидуальный жилой дом
190;Мемориальная доска на школе, где учился С.В. Моисеев, участник афганской войны;Ул. Ставропольская, 19, фасад здания МОУ СОШ N 23 (земельный участок с кадастровым номером 63:09:0301083:517);Муниципальная собственность. В бессрочном пользовании МБУ СОШ N 23;
191;Мемориальная доска О.В. Горбунову, участнику афганской войны;"Ул. Тухачевского, 6, территория МОУ ДОД ""Детский морской центр""";;
192;Мемориальная доска Н.А. Калинину, участнику чеченской войны;"Ул. Тухачевского, 6, территория МОУ ДОД ""Детский морской центр""";;
193;Мемориальная доска на школе, где учился Ю.С. Сидоренко, участник афганской войны;Ул. Ставропольская, 19, фасад здания МОУ СОШ N 23 (земельный участок с кадастровым номером 63:09:0301083:517);Муниципальная собственность. В бессрочном пользовании МБУ СОШ N 23;
194;Памятный знак-указатель улицы К. Вавиловой;Пересечение ул. Ленина и ул. Вавиловой;Государственная собственность не разграничена;
195;Памятный знак в честь 60-летия Победы в Великой Отечественной войне;Ул. 50 лет Октября, 23 (земельный участок с кадастровым номером 63:09:0301138:623);Муниципальная собственность. Бессрочное пользование;
196;"Керамическое панно ""Адмирал Ф. Ушаков""";Ул. Мира, 23 (земельный участок с кадастровым номером 63:09:0301161:15);Общая долевая собственность многоквартирного жилого дома по ул. Мира, 23;
197;Памятный знак указатель улицы В. Жилина - Героя Советского Союза;Пересечение ул. Жилина и ул. Мира;Общая долевая собственность многоквартирного жилого дома;
198;"""Памятник ""Дружба народов"" (в знак российско-армянской дружбы)";Ул. Жилина;;Утверждена схема расположения земельного участка под ул. Жилина. После постановки на государственный кадастровый учет земельный участок будет оформляться в муниципальную собственность
199;Памятник В.И. Ленину;На территории городского Парка культуры и отдыха Центрального района (земельный участок с кадастровым номером 63:09:0305001:523);"Муниципальная собственность. В бессрочном пользовании МБУ ""Парки города""";
200;Памятный знак-указатель улицы И.В. Комзина;Мкр Портовый, на пересечении ул. Комзина и Комсомольского шоссе;Государственная собственность не разграничена;
201;"Монументально-декоративная композиция ""Прометей""";"Фасад здания ДК ""Тольятти"", б-р Ленина, 3 (земельный участок с кадастровым номером 63:09:0301156:6)";Частная собственность;
202;Обозначение дома, в котором жил А.С. Мурысев;Ул. Комзина, 9;;Индивидуальный жилой дом
203;Памятник-бюст И.В. Комзина;Центральный район, Комсомольское шоссе, 1 (земельный участок с кадастровым номером 63:09:0301170:510);Муниципальная собственность. Бессрочное пользование;
204;Памятник А. Любищеву;Мкр Портовый, территория Института экологии Волжского бассейна РАН;Федеральная собственность;
205;Памятник-бюст Героя Социалистического Труда Н.Ф. Семизорова;Центральный район, ул. Белорусская, у здания административного корпуса N 2 мэрии городского округа Тольятти (земельный участок с кадастровым номером 63:09:0301105:722);Муниципальная собственность;
206;"Городская скульптура ""Студент, спешащий на занятия""";Перед зданием главного корпуса Тольяттинского государственного университета (ул. Белорусская, 14) (земельный участок с кадастровым номером 63:09:0301106:2);Федеральная собственность;
207;"Мемориальная доска основателю театра ""Колесо"" народному артисту России Г.Б. Дроздову";Ул. Ленинградская, 31 (земельный участок с кадастровым номером 63:09:0301164:517);Муниципальная собственность. Бессрочное пользование;
208;Мемориальная доска на здании, в котором работал председатель горисполкома г. Тольятти орденоносец Б.С. Кашунин;Ул. Гидростроевская, 17 (земельный участок с кадастровым номером 63:09:0301104:13);Федеральная собственность;
209;Мемориальная доска на школе, где учился А. Ануфриев, участник чеченской войны;Ул. Голосова, 34, фасад здания МОУ СОШ N 5 (земельный участок с кадастровым номером 63:09:0301155:523);Муниципальная собственность. Бессрочное пользование;
210;Мемориальная доска дважды Герою Советского Союза И.Д. Папанину;Мкр Портовый, фасад здания Института экологии РАН Волжского бассейна;Федеральная собственность;
211;"Памятная доска, обозначающая здание, в котором в 1954 - 1984 гг. располагалось управление ""Куйбышевгидрострой""";Ул. Гидростроевская, 17 (земельный участок с кадастровым номером 63:09:0301104:13);Федеральная собственность;
212;Мемориальная доска Н.Ф. Семизорову - Герою Социалистического Труда;Ул. Баныкина, 4, фасад здания МОУ СОШ N 16 (земельный участок с кадастровым номером 63:09:0301164:566);Муниципальная собственность. Бессрочное пользование;
213;Доска на здании, где работал архитектор С.М. Виноград;Ул. Белорусская, 6А (земельный участок с кадастровым номером 63:09:0301106:1);Аренда, договор N 849 от 04.12.2003;
214;Мемориальная доска основателю и первому директору Куйбышевской биологической станции ИБВВ АН СССР Н.А. Дэюбану;Мкр Портовый, фасад здания Института экологии РАН Волжского бассейна;Федеральная собственность;
215;Монумент-памятник на месте захоронения капсулы с обращением комсомольцев к молодежи 2017 года;Пересечение Молодежного б-ра и ул. К. Маркса, территория Молодежного бульвара;Государственная собственность не разграничена;
216;Памятный знак в честь Победы в Великой Отечественной войне;Пересечение ул. Победы и Молодежного бульвара;Государственная собственность не разграничена;
217;"Мемориальный комплекс ""Учащимся, погибшим в годы Великой Отечественной войны"" (доска с 84 фамилиями, самолет МИГ-16 (в память об экипаже В.П. Носова)";Ул. Мира, 121, территория МБУ СОШ N 1 (земельный участок с кадастровым номером 63:09:0301154:503);Муниципальная собственность. Бессрочное пользование;
218;Памятник-бюст В. Жилина - Героя Советского Союза;Центральный район, на территории городского кладбища, южнее ул. Баныкина, 6 (земельный участок с кадастровым номером 3:09:0308008:502);Муниципальная собственность;Ул. Баныкина, 41
219;Памятник-стела воинам-интернационалистам;Центральный район, на территории городского кладбища, южнее пересечения ул. Баныкина и ул. Диагональной (земельный участок с кадастровым номером 63:09:0308008:502);Муниципальная собственность;Ул. Баныкина, 41
220;Пояснение названия улицы именем Героя Советского Союза, участника Великой Отечественной войны 1941 - 1945 гг. Д.Н. Голосова;Ул. Голосова, 20 (земельный участок с кадастровым номером 63:09:0301152:620);Общая долевая собственность многоквартирного жилого дома по ул. Голосова, 20;
221;"Памятный знак жертвам политических репрессий ""Скорбящий ангел""";Парк культуры и отдыха Центрального района (земельный участок с кадастровым номером 63:09:0305001:523);"Муниципальная собственность. В бессрочном пользовании МБУ ""Парки города""";
222;Памятная доска о строительстве школы в год 60-летия образования СССР;Ул. Баныкина, 44, фасад здания МОУ СОШ N 63 (земельный участок с кадастровым номером 63:09:0301155:501);Муниципальная собственность. В бессрочном пользовании;
223;Мемориальная доска на школе, где учился Л. Курепин, участник чеченской войны;Ул. Голосова, 83, фасад здания МОУ СОШ N 20 (земельный участок с кадастровым номером 63:09:0301151:20);Муниципальная собственность. В бессрочном пользовании;
224;Мемориальная доска главному архитектору города В.С. Лопатину;Ул. Победы, 52, фасад здания управления архитектуры и градостроительства мэрии (земельный участок с кадастровым номером 63:09:0301151:588);В общей долевой собственности многоквартирного дома ул. Победы, 52;
225;Закладной камень по случаю начала строительства памятника Святому Благоверному князю Владимиру;Пересечение ул. Мира и ул. Голосова (земельный участок с кадастровым номером 63:09:0301156:4);Безвозмездное срочное пользование;
226;Памятник-бюст Карла Маркса;Пересечение ул. К. Маркса и пл. Свободы;Государственная собственность не разграничена;
227;Обелиск Славы;Центральный район, западнее пересечения ул. Карла Маркса и Молодежного б-ра (земельный участок с кадастровым номером 63:09:0301148:554);Муниципальная собственность;Пл. Свободы
228;Памятник-бюст Е.А. Никонова - Героя Советского Союза;Центральный район, на территории лицея N 19, восточнее здания, имеющего адрес: ул. Карла Маркса, 59 (земельный участок с кадастровым номером 63:09:0301159:11);Муниципальная собственность, бессрочное пользование;
229;"Памятный знак ""Строителям Куйбышевгидростроя""";Территория городского Парка культуры и отдыха Центрального района (земельный участок с кадастровым номером 63:09:0305001:523);"Муниципальная собственность. В бессрочном пользовании МБУ ""Парки города""";
230;Обозначение дома, в котором жил генерал-майор, участник Великой Отечественной войны М.Ф. Федоров;Ул. Горького, 13;;Индивидуальный жилой дом
231;Памятник-бюст В.П. Носова, Героя Российской Федерации;Ул. Горького, 88, территория МОУ СОШ N 4 (земельный участок с кадастровым номером 63:09:0301174:1004);Муниципальная собственность. В бессрочном пользовании;
232;"Памятник-аллегория ""Рабочая гордость""";"Ул. Новозаводская (напротив проходных завода ""Волгоцеммаш"")";Государственная собственность не разграничена;
233;Пояснение названия улицы именем ставропольчанина, участника Великой Отечественной войны 1941 - 1945 гг. Ф.И. Ларина;Ул. Ларина, 64 (земельный участок с кадастровым номером 63:09:0301172:618);В общей долевой собственности многоквартирного дома ул. Ларина, 64;
234;Пояснение названия улицы именем рядового милиции В.В. Кошеля;Ул. Кошеля, 83 (земельный участок с кадастровым номером 63:09:0301174:986);В общей долевой собственности многоквартирного дома;
235;Памятник В.И. Ленину;"Ул. Новозаводская, 8, площадь у заводоуправления ОАО ""Тольяттикаучук"" (земельный участок с кадастровым номером 63:09:0000000:7824)";Муниципальная собственность, аренда;
236;Памятник И.А. Красюку;"Проходная завода ОАО ""КуйбышевАзот""";"Собственность ОАО ""КуйбышевАзот""";
237;Пояснение названия улицы именем А. Кудашева, погибшего при спасении пассажиров от вооруженного преступника;Ул. Кудашева, 120 (земельный участок с кадастровым номером 63:09:0301166:545);В общей долевой собственности многоквартирного дома ул. Кудашева, 120;
238;Мемориальная доска на доме, в котором жил Герой Советского Союза А.М. Бондарев;Ул. Коммунистическая, 45;Многоквартирный дом;
239;Мемориальная доска на доме, в котором жил заслуженный строитель РСФСР Д.В. Еремеев;Ул. Коммунистическая, 59;Многоквартирный дом;
240;Памятный знак городам - побратимам и партнерам Тольятти;Центральный р-н, пересечение пл. Свободы и Молодежного бульвара;Немуниципальная собственность;
241;Знак к 250-летию Ставрополя-Тольятти;Центральный р-н, пересечение Комсомольского шоссе и ул. Комзина;Муниципальная собственность. Движимое имущество;
242;Знаковый объект к 250-летию Ставрополя-Тольятти;Центральный р-н, Парк культуры и отдыха, в месте выхода Аллеи ветеранов на ул. Мира;Муниципальная собственность. Движимое имущество;
243;"Мозаичное панно ""Красный барабанщик""";Центральный р-н, ул. Комсомольская, 78, фасад здания Дворца молодежи;Муниципальная собственность. Движимое имущество;
244;"Монументально-декоративная композиция ""Факел знаний""";Автозаводский р-н, б-р Буденного, 1 (лицей, 37);Муниципальная собственность. Движимое имущество;
245;"Мозаичное панно ""Мирный труд"" на фасаде торгового центра ""Волжские зори""";Автозаводский р-н, пр-т Степана Разина, 8;Права муниципальной собственности на объект не оформлены. Общее имущество дома;
246;"Мозаичное панно ""Человек, спорт, природа"" (интерьер)";"Автозаводский р-н, Приморский б-р, 37, Дворец спорта ""Волгарь"" (интерьер)";Муниципальная собственность. Движимое имущество;
247;"Монументально-декоративное панно на фасаде Дворца спорта ""Волгарь"" - резьба по камню (спортивная тематика)";"Автозаводский р-н, Приморский б-р, 37, Дворец спорта ""Волгарь""";Муниципальная собственность. Движимое имущество;
248;"Декоративная роспись ""Детство"" (интерьер)";Центральный р-н, ул. Ленина, 91, здание детской стоматологической поликлиники;Общее имущество дома;
249;"Мозаичное панно ""Юность""";"Центральный р-н, фасад д/с ""Юность"", ул. Ленина, 41";Собственность немуниципальная. Оснований для оформления права муниципальной собственности нет;
250;"Мозаика на боковых торцовых стенах кинотеатра ""Сатурн""";Автозаводский р-н, ул. Революционная, 9;Немуниципальная собственность. Частная собственность;
251;"Мозаика на здании санатория-профилактория ""Русский бор"" ""Времена года""";Центральный р-н, Лесопарковое шоссе, 12;Немуниципальная собственность;
252;Мозаика в интерьере ДМШ N 4;ДМШ N 4;Муниципальная собственность. Движимое имущество;
253;"Роспись в аптеке Праски Вити (Виталий Петров) ""Здравоохранение в нашем городе""";"Автозаводский р-н, б-р Туполева, 16, аптека 212 (в настоящее время аптека ""Витафарм"")";Обращений по оформлению права собственности не поступало. В связи с этим процедура оформления не проводилась;
254;Мемориальная доска-обозначение дома, в котором в июне 1870 г. жили художники И.Е. Репин и Ф.А. Васильев;Центральный район, проезд Репина, 8;;Индивидуальный жилой дом
255;Мемориальная доска-обозначение первого дома, перенесенного из зоны затопления;Центральный район, ул. Советская, 39;;Утверждена схема расположения земельного участка. После постановки на государственный кадастровый учет земельного участка будет оформлено право муниципальной собственности
256;Мемориальная доска-обозначение первого дома в Автозаводском районе;Автозаводский район, ул. Свердлова, 37 (земельный участок с кадастровым номером 63:09:0101163:601);Общая долевая собственность многоквартирного жилого дома по ул. Свердлова, 37;
257;Мемориальная доска-обозначение первого заселенного дома в Автозаводском районе;Автозаводский район, ул. Дзержинского, 63 (земельный участок с кадастровым номером 63:09:0101159:587);Общая долевая собственность многоквартирного жилого дома по ул. Дзержинского, 63;
258;Мемориальная доска военному комиссару Ставропольского уезда В.А. Ингельбергу;Мкр Федоровка, ул. Ингельберга, 91, здание поселковой администрации;В реестре муниципальной собственности объект не значится;
259;Мемориальная доска на здании железнодорожной станции Тольятти, где работал первый начальник станции А.М. Ашихмин;Автозаводский район, ул. Вокзальная, 34;В реестре муниципальной собственности объект не значится;
260;Памятная доска, обозначающая первую школу в Автозаводском районе;Автозаводский район, б-р Баумана, 3;Государственная собственность не разграничена;
261;"Памятная доска о строительстве молодежного центра ""Спутник"" в год 250-летия г. Ставрополя";Комсомольский район, ул. Коммунистическая, 90;Государственная собственность не разграничена;Территория общего пользования
262;Мемориальная доска на школе, где учился В.И. Пименов, участник афганской войны;Автозаводский район, б-р Буденного, 9, фасад здания МОУ СОШ N 33;Муниципальная собственность. Постоянное (бессрочное) пользование за МБУ СОШ N 33;
263;Мемориальная доска в школе, где учился С.Н. Коханович, участник чеченской войны;Автозаводский район, ул. Ворошилова, 32, МОУ СОШ N 64 (земельный участок с кадастровым номером 63:09:0101166:542);Муниципальная собственность. Постоянное (бессрочное) пользование МБУ СОШ N 64;
264;Мемориальная доска на школе, где учился Э.И. Пекин, участник чеченской войны;Автозаводский район, ул. 40 лет Победы, 86, фасад здания МОУ СОШ N 70 (земельный участок с кадастровым номером 63:09:0101151:517);Муниципальная собственность. Постоянное (бессрочное) пользование МБУ СОШ N 70;
265;Мемориальная доска на школе, где учился Д.В. Овчинников, участник чеченской войны;Комсомольской район, ул. Мурысева, 49, фасад здания МОУ СОШ N 80 (земельный участок с кадастровым номером 63:09:0201057:14569);Земельный участок в муниципальной собственности, передан в бессрочное пользование МБУ СОШ N 80;
266;Мемориальная доска на школе, где учился А.А. Санжаревский, участник чеченской войны;Автозаводский район, ул. 40 лет Победы, 106, фасад здания МОУ СОШ N 81 (земельный участок с кадастровым номером 63:09:0101167:571);Муниципальная собственность. Постоянное (бессрочное) пользование МБУ СОШ N 81;
267;Мемориальная доска А.А. Санжаревскому, участнику чеченской войны;"Центральный район, ул. Тухачевского, 6, территория МОУ ДОД ""Детский морской центр"" (земельный участок с кадастровым номером 63:09:0301147:1088)";Муниципальная собственность. Бессрочное пользование;
268;Мемориальная доска на школе, где учился И. Тимофеев, участник чеченской войны;Комсомольский р-н, мкр Шлюзовой, ул. Никонова, 18, фасад здания МОУ школа N 15;;
269;Мемориальная доска на школе, где учился Рощин В.А., участник вооруженного конфликта в Таджикистане;Комсомольский район, ул. Мурысева, 61, фасад здания МОУ лицей N 6;;
270;Спортивная площадка;Автозаводский район, квартал 1, южнее жилого дома N 41 по ул. Свердлова, в том числе земельный участок с кадастровым номером 63:09:0101163:8323;В реестре муниципальной собственности земельный участок не значится;Для строительства универсальной спортивной площадки
271;Спортивная площадка;Ул. Автостроителей, 98 (комплекс зданий и сооружений жилищно-коммунального назначения), в том числе земельный участок с кадастровым номером 63:09:0101167:16;Информация о зарегистрированных правах отсутствует;
272;Спортивная площадка;Ул. Ворошилова, 53;Государственная собственность не разграничена;Территория общего пользования
273;Спортивная площадка;Ул. Ворошилова, 63;Государственная собственность не разграничена;Территория общего пользования
274;Спортивная площадка;Б-р Гая, 1;Государственная собственность не разграничена;Территория общего пользования
275;Спортивная площадка;Б-р Гая, 5;Государственная собственность не разграничена;Территория общего пользования
276;Спортивная площадка;Ул. 40 лет Победы, 112;Государственная собственность не разграничена;Территория общего пользования
277;Спортивная площадка;Ул. 40 лет Победы, 114;Государственная собственность не разграничена;Территория общего пользования
278;Спортивная площадка;Ул. Автостроителей, 47;Государственная собственность не разграничена;Территория общего пользования
279;Спортивная площадка;Ул. Автостроителей, 53;Государственная собственность не разграничена;Территория общего пользования
280;Спортивная площадка;Ул. Автостроителей, 59;Государственная собственность не разграничена;Территория общего пользования
281;Спортивная площадка;Ул. Дзержинского, 3а;Государственная собственность не разграничена;Территория общего пользования
282;Спортивная площадка;Ул. Дзержинского, 7а;Государственная собственность не разграничена;Территория общего пользования
283;Спортивная площадка;Ул. 40 лет Победы, 64;Государственная собственность не разграничена;Территория общего пользования
284;Спортивная площадка;Ул. 40 лет Победы, 78;Государственная собственность не разграничена;Территория общего пользования
285;Спортивная площадка;Ул. Автостроителей, 31;Государственная собственность не разграничена;Территория общего пользования
286;Спортивная площадка;"Ул. Дзержинского, 32. 1. 63:09:0101153:594; 2.63:09:0101153:585";"1. Многоквартирный дом;  2.Многоквартирный дом";1. Цветной б-р, 28. 2.ул.Автостроителей, 31
287;Спортивная площадка;Б-р Орджоникидзе, 6;Государственная собственность не разграничена;Территория общего пользования
288;Спортивная площадка;Ул. Свердлова, 29;Государственная собственность не разграничена;Территория общего пользования
289;Спортивная площадка;Ул. Юбилейная, 23;Государственная собственность не разграничена;Территория общего пользования
290;Спортивная площадка (волейбольная);Б-р Орджоникидзе, 6;Государственная собственность не разграничена;Территория общего пользования
291;Спортивная площадка;Пр-т Ленинский, 29, в том числе земельный участок с кадастровым номером 63:09:01011753:521;В общей долевой собственности многоквартирного дома;
292;Спортивная площадка;Б-р Баумана, 6;Государственная собственность не разграничена;Включен в работы до 01.01.2016. По формированию и проведению государственного кадастрового учета согласно пмо от 17.06.2014 N 1976-п/1
293;Спортивная площадка (футбольное поле);Ул. Свердлова, 41;Государственная собственность не разграничена;Территория общего пользования
294;Спортивная площадка;Б-р Гая, 19 (восточнее), в том числе земельный участок с кадастровым номером 63:09:0101150:10541;Информация о зарегистрированных правах отсутствует;Для дальнейшей эксплуатации физкультурно-оздоровительного комплекса
295;Спортивная площадка (хоккейная);Ул. Свердлова, 41;Государственная собственность не разграничена;Территория общего пользования
296;Спортивная площадка;Пр-т Московский, 33, в том числе земельный участок с кадастровым номером 63:09:0101163:8324;Многоквартирный дом;
297;Спортивная площадка;Ул. Свердлова, 68, в том числе земельный участок с кадастровым номером 63:09:0101159:49;Многоквартирный дом;
298;Спортивная площадка;Территория, расположенная между домами N 33, 29 по Московскому пр-ту, N 6, 14 по б-ру Баумана, МБУ СОШ N 40;Государственная собственность не разграничена;
299;Спортивная площадка;Ул. Юбилейная, 6-б, в том числе земельный участок с кадастровым номером 63:09:0101164:15;;"Для дальнейшей эксплуатации спортивного комплекса ""Спутник"""
300;Территория стадиона;Мкр Федоровка, в том числе земельный участок с кадастровым номером 63:09:0201061:1783;Муниципальная собственность, предоставлена в бессрочное пользование МБУ СОШ N 15;
301;Спортивная площадка;Ул. Куйбышева, 44;Государственная собственность не разграничена;Территория общего пользования
302;Спортивная площадка;Ул. Энергетиков, 3;Государственная собственность не разграничена;Территория общего пользования
303;"Стадион ""Дружба""";Ул. Никонова, севернее жилых домов N 19, 21;Государственная собственность не разграничена;Территория общего пользования
304;Спортивная площадка;Ул. Есенина, 6, в том числе земельный участок с кадастровым номером 63:09:0201057:891;Долевая собственность многоквартирного жилого дома;
305;Спортивная площадка;Ул. Гидротехническая, 6 (севернее). Государственная собственность не разграничена, земельный участок не выделен, однако на данной территории имеется земельный участок: кадастровый номер 63:09:0201060:14706, площадь 16,00 кв. м, выделенный для размещения объектов, характерных для населенных пунктов, по документу: для целей, не связанных со строительством, аренда;Не оформлена;Территория общего пользования
306;Спортивная площадка;Ул. Гидротехническая, 6 (северо-западнее). Государственная собственность не разграничена, земельный участок не выделен, однако на данной территории имеется земельный участок: кадастровый номер 63:09:0201060:14706, площадь 16,00 кв. м, выделенный для размещения объектов, характерных для населенных пунктов, по документу: для целей, не связанных со строительством, аренда;Не оформлена;Территория общего пользования
307;Спортивная площадка;Ул. Никонова, 4 - 6;Государственная собственность не разграничена;Территория общего пользования
308;Спортивная площадка;Ул. Гидротехническая, 9;Государственная собственность не разграничена;Территория общего пользования
309;Спортивная площадка;Севернее дома N 9 по ул. Зеленой и восточнее дома N 38 по ул. Гидротехнической;Государственная собственность не разграничена;Территория общего пользования
310;Спортивная площадка;Ул. Гидротехническая, 33;Государственная собственность не разграничена;Территория общего пользования
311;Спортивная площадка;Севернее дома N 9 по ул. Зеленой и восточнее дома N 30 по ул. Гидротехнической;Государственная собственность не разграничена;Территория общего пользования
312;Спортивная площадка (баскетбольная);Ул. Никонова, 11;Государственная собственность не разграничена;Территория общего пользования
313;Спортивная площадка;Ул. Гидротехническая, 17;Государственная собственность не разграничена;Территория общего пользования
314;Спортивная площадка (хоккейная);Ул. Гидротехническая, 37;Государственная собственность не разграничена;Территория общего пользования
315;Спортивная площадка;Ул. Куйбышева, 14;Государственная собственность не разграничена;Территория общего пользования
316;Спортивная площадка (хоккейная);Ул. Куйбышева, 14;Государственная собственность не разграничена;Территория общего пользования
317;Спортивная площадка (волейбольная);Ул. Куйбышева, 14;Государственная собственность не разграничена;Территория общего пользования
318;Спортивная площадка (баскетбольная);Ул. Куйбышева, 16;Государственная собственность не разграничена;Территория общего пользования
319;Спортивная площадка;Ул. Куйбышева, 18;Государственная собственность не разграничена;Территория общего пользования
320;Спортивная площадка;Ул. Куйбышева, 32;Государственная собственность не разграничена;Территория общего пользования
321;Площадка семейного отдыха;Севернее дома N 9 по ул. Зеленой (между домами N 34, 38 по ул. Гидротехнической);;
322;Спортивная площадка;"В границах ул. Зеленой, 9, ул. Гидротехнической, 35. 1. 63:09:0201060:110;  2.Южнее участка с кадастровым номером 63:09:0201060:110";"1. Собственность ООО ""ВИСТ"" (постановление мэрии городского округа Тольятти от 17.10.2013 N 3232-п/1). 2.Государственная собственность не разграничена. Утверждена схема расположения земельного участка для целей, не связанных со строительством";
323;Сквер;Западнее дома N 4 по ул. Есенина, в том числе земельный участок с кадастровым номером 63:09:0201057:16069;"Аренда ООО ""Инвестстройпроект""";С точными границами
324;Сквер;Севернее домов N 19, 21 по ул. Чайкиной, в том числе земельный участок с кадастровым номером 63:09:0201057:16070;"Аренда ООО ""Инвестстройпроект""";С точными границами
325;Сквер ветеранов;Автозаводский район, 18А квартал, часть земельного участка с кадастровым номером 63:09:0000000:830 севернее жилого дома N 4-б по ул. Офицерская до границы баскетбольной площадки, ограничен с востока границей земельного участка с кадастровым номером 63:09:0000000:830, с запада - трансформаторной подстанцией;В собственности Самарского областного фонда жилья и ипотеки;
326;Спортивная площадка (баскетбольная и хоккейная площадки);Автозаводский район, 18А квартал, часть земельного участка с кадастровым номером 63:09:0000000:830 западнее жилого дома N 2-г по ул. Офицерская;В собственности Самарского областного фонда жилья и ипотеки;
327;Аллея генерал-майора Сержанова А.И.;Автозаводский район, часть земельного участка с кадастровым номером 63:09:0000000:9044, расположенная восточнее здания по адресу: ул. Ворошилова, 2а (здание бывшего военного училища);Муниципальная собственность на земельный участок с кадастровым номером 63:09:0000000:9044, с разрешенным использованием: для размещения автомобильных дорог и их конструктивных элементов;На территории земельного участка посажена березовая аллея и установлен памятный знак в честь 70-летия со дня Победы советского народа в Великой Отечественной войне 1941 - 1945 гг.
328;Сквер гидростроителей с фонтаном;Центральный район, мкр. Портовый, территория восточнее пересечения ул. Комзина и Комсомольского шоссе, ограничена ограждением проезжей части, придомовой территорией жилого дома по адресу: ул. Комзина, 2, границами земельного участка с кадастровым номером 63:09:0301170:510;Отсутствуют;Территория с элементами благоустройства и фонтаном
329;"Памятный знак ""Лес памяти солдат Ставропольского уезда, участников Первой Мировой войны 1914 - 1918 гг.""";"Центральный район, 24 квартал Тольяттинского лесничества, в границах земельного участка с кадастровым номером 63:09:0304064:1057 (ориентировочно 1 км 600 м в северном направлении от пересечения ул. Санаторная и 4-го Волжского проезда, западнее дороги на санаторий ""Лесное"")";Отсутствуют;Движимое имущество, регистрация прав не требуется
330;Мемориальная доска В.И. Денисову;"Комсомольский район, мкр. Поволжский, ул. 60 лет СССР, 17, фасад здания МБУ ДО ЦРТДЮ ""Истоки""";Отсутствуют;Муниципальная собственность. Движимое имущество. Регистрация прав не требуется
331;Мемориальная доска И.В. Комзину;"Комсомольский район, мкр. Шлюзовой, ул. Севастопольская, 1, фасад здания МБУ ""Школа N 2 имени Героя Социалистического труда И.В. Комзина""";Отсутствуют;Муниципальная собственность. Движимое имущество. Регистрация прав не требуется
332;Мемориальная доска В.Н. Леванову;"Комсомольский район, ул. Лизы Чайкиной, 65, фасад здания МБУИ г.о. Тольятти ""Молодежный драматический театр""";Отсутствуют;Муниципальная собственность. Движимое имущество. Регистрация прав не требуется
333;Мемориальная доска В.Н. Полякову;"Автозаводский район, проспект Степана Разина, 78, фасад здания МБОУ ""Лицей N 76""";Отсутствуют;Муниципальная собственность. Движимое имущество. Регистрация прав не требуется
334;"Мозаики «Утро» и «Вечер» под карнизом Дворца спорта «Волгарь» с восточной и западной сторон здания

";"Автозаводский район, б-р Приморский, 37,
Дворец спорта «Волгарь», КН 63:09:0101179:511
";"Здание: муниципальная собственность, запись о регистрации права в ЕГРН № 63-63-09/046/2009-557от 20.05.2009,
предоставлено в оперативное управление МБУ СШОР № 13 «Волгарь», запись о регистрации права в ЕГРН № 63-63-09/123/2011-620от 14.02.2012
";"Автор: Сергей Леонович Тер-Григорян, г.Москва (род.1929г.), член Союза художников СССР с 1961г., Заслуженный художник Российской Федерации, лауреат Государственной премии СССР, председатель Художественного совета республиканской творческо-производственной мастерской монументально-декоративного искусства РСФСР (1980-е гг.), участник Великой Отечественной войны.
Произведение монументально-декоративного искусства советского периода
"
335;"Мозаика «Сад» на внешней стене во внутреннем дворе 
МБУ ДО ДМШ 
№ 4 им.В.М.
Свердлова

";"Автозаводский район, пр-т Степана Разина, 95,
муниципальное бюджетное учреждение дополнительного образования детская «Музыкальная школа № 4 имени заслуженного работника культуры Российской Федерации Владимира Михайловича Свердлова» городского округа Тольятти,КН 63:09:0101162:10036
";"Здание: муниципальная собственность, запись о регистрации права в 
ЕГРН № 63-09-1/2001-49077.1 
от 30.11.2001,
предоставлено в оперативное управление МБУ ДО ДМШ № 4 им.В.М.Свердлова, запись о регистрации права в ЕГРН 
№ 63-09-1/2001-53466.1 
от 08.01.2002
";"Автор: В.Б.Эльконин (1910-1994гг.). 
Живописец, график, монументалист, член Союза художников СССР, Заслуженный художник РСФСР, четырехкратный обладатель Первой Премии Московского Союза художников, лауреат премии Совета Министров СССР. 
В 1930г. окончил Московский ВХУТЕИН (был учеником К.Истомина, В.Фаворского). Член общества «4 искусства» (с 1930г.). В 1933-1935гг. выступал как художественный критик в «Литературной газете».
Участник Великой Отечественной войны. Художник-фронтовик был участником взятия Берлина, создал серию живописных этюдов. Участник художественных выставок с 1932г.  Первый председатель бюро секции монументальной живописи МОСХа, руководитель (после Л.А.Бруни) Мастерской монументальной живописи при Академии архитектуры СССР (до 1948г.).
Автор живописных работ, книжной и станковой графики. Выполнил ряд живописных и мозаичных панно (совместно с женой Н.М.Элькониной-Розенберг). 
Произведение монументально-декоративного искусства советского периода
"
336;"Мозаика в интерьере Речного вокзала в Комсомольском районе (Порт Тольятти)

";"Комсомольский район,ул.Коммунистическая, 94,
КН 63:09:0202052:977
";"Частная собственность.
Нежилое здание, 3 этажа, 
общей площадью 3920,3 кв.м,
КН 63:09:0202052:977 -
права не зарегистрированы;
нежилое помещение на 1 этаже площадью 263,1 кв.м,
КН 63:09:0202052:
1138, № 63-63-09/082/2010-378 
от 28.07.2010;
нежилое помещение на 1 этаже площадью 753,7 кв.м,
КН 63:09:0202052:1140,
№ 63-63-09/049/2011-884 
от 17.05.2011;
нежилое помещение на 2 этаже площадью 1510,2 кв.м,
КН 63:09:0202052:
1139, № 63-63-09/138/2010-725 
от 16.12.2010,
№  

";Произведение монументально-декоративного искусства советского периода
337;"Мозаичное панно в помещении плаватель-ного бассейна УСК «Олимп»

";"Автозаводский район, б-р Приморский, 49, 
Универсальный спортивный комплекс «Олимп»,
КН 63:09:0101178:551
";"Здание: муниципальная собственность, запись о регистрации права в ЕГРН 
№ 63-63-09/137/2009-078
от 08.12.2009
предоставлено в оперативное управление МБУ ДО СШОР № 10 «Олимп», запись о регистрации права в ЕГРН № 63-63-09/149/2009-782 от 30.12.2009
";
338;"Флорентийская мозаика в интерьере на стене рядом с танцевальным залом в Культурном центре «Автоград»

";"Автозаводский район, ул.Юбилейная, 8,
МАУ Культурный центр «Автоград»,
КН здания 63:09:0101173:516
";"Помещение:
18507,1 кв.м, запись о регистрации права муниципальной собственности в ЕГРН № 63-63-09/655/2013-746 от 18.07.2013, предоставлено в оперативное управление МАУ «КЦ «Автоград», запись о регистрации права 
в ЕГРН № 63-63-09/027/2010-230
от 18.07.2013
";Произведение монументально-декоративного искусства советского периода
339;"Рельефы с мозаикой по теме «Театр» на стене Ленинского зала Дворца детского и юношеского творчества

";Автозаводский район, пр-т Степана Разина, 99, муниципальное бюджетное образовательное учреждение дополнительного образования «Дворец детского и юношеского творчества» городского округа Тольятти, КН 63:09:0101162:10604;"Здание: муниципальная собственность, запись о регистрации права 
в ЕГРН № 63-01/09-1/2004-28879
от 14.05.2004, предоставлено 
в оперативное управление МБОУ ДО «ДДЮТ», запись о регистрации права  в ЕГРН № 63-01/09-1/2004-45117 от 09.07.2004
";Произведение монументально-декоративного искусства советского периода
340;"Мозаичное панно «Нам бы жить - и вся награда» Аллеи Памяти воинов-интернационалистов 

";"Автозаводский район, ул.Дзержинского, 27А,
внешняя стена внутреннего двора ТЦ «Флагман»
(стена расположена параллельно ул.Ворошилова),
КН 63:09:0101162:684
";"Частная собственность.
Торговый центр и гаражи по адресу: ул.Дзержинского, 27А, в частной собственности пообъектно (помещения и гаражные боксы)
";Аллея Памяти создавалась при непосредственном участии родителей погибших военнослужащих и ветеранов Афганской войны. Значение сохранившегося мозаичного панно для городского сообщества велико в связи с тем, что в городе проживает в настоящее время более 1 000 ветеранов Афганской войны, а также семьи погибших тольяттинцев
341;"Мозаичное панно на цветочную тематику

";"Центральный район, ул.Новозаводская, 2А,
ст. 326, торец здания, КН 63:09:0302053:745
";Частная собственность;
342;"Мозаичное панно на площадке слева от центрального входа в главное здание санатория «Ставрополь»
по теме «Подводный мир»

";"Центральный район, Лесопарковое шоссе, 22,
КН 63:09:000000:9258
";Частная собственность;
343;"Мозаичное панно на фасаде школы на бульваре Королева, 6
(п.343* введен решением 
Думы от 10.07.2024 
№ 273)
";"Автозаводский район, б-р Королева, 6,
МБОУ городского округа Тольятти «Школа имени академика С.П.Королева», КН 63:09:0101176:9819
";"Здание: муниципальная собственность, запись о регистрации права 
в ЕГРН № 63-01/09-1/2003-27076.1 
от 17.06.2003,
предоставлено в оперативное управление МБУ «Школа им.С.П.Королева», запись о регистрации права 
в ЕГРН № 63-63-09/009/2008-974 
от 20.02.2008
";Автор: А.В.Ишин, Г.В.Ишина, члены Союза художников СССР
344;"Мозаичное панно на фасаде школы на бульваре Королева, 12

";Автозаводский район, МБОУ городского округа Тольятти «Школа № 34»,  КН 63:09:0101176:9816;"Здание: муниципальная собственность, запись о регистрации права 
в ЕГРН № 63-01/09-1/2003-65252 
от 24.12.2003, предоставлено в оперативное управление МБУ «Школа № 34», запись о регистрации права 
в ЕГРН № 63-01/09-1/2003-65266 
от 24.12.2003
";Автор: А.В.Ишин, Г.В.Ишина, члены Союза художников СССР
345;"Мозаика «Птица» на внешней галерее (террасе) второго этажа Культурного центра «Автоград» 

";"Автозаводский район, ул.Юбилейная, 8, 
МАУ «Культурный центр Автоград»,
КН здания 63:09:0101173:516, балкон
";"Помещения:
- 18507,1 кв.м, запись о регистрации права муниципальной собственности 
в ЕГРН № 63-63-09/655/2013-746 
от 18.07.2013, предоставлено в оперативное управление МАУ «КЦ «Автоград», запись о регистрации права в ЕГРН № 63-63-09/027/2010-230 от 18.07.2013
";
346;"Мозаика на лестничном пролете в здании колледжа технического и художествен-ного образования

";"Автозаводский район, ул.Воскресенская, 18,
государственное автономное профессиональное образовательное учреждение Самарской области «Колледж технического и художественного образования г.Тольятти»,  КН 63:09:0102153:2799
";"Здание:
собственность Самарской области, запись о регистрации права 
в ЕГРН № 63-01/09-51/2004-368 
от 21.10.2004, оперативное управление, запись о регистрации права в ЕГРН № 63-63-09/006/2007-185 от 29.01.2007
";
347;"Мозаика на стене слева от входной зоны в детской стоматоло-гической поликлинике

";"Центральный район, ул.Ленина, 91, многоквартирный жилой дом,
КН 63:09:0301173:1628, нежилое помещение,
КН 63:09:0301173:4235
";"Помещение в многоквартирном доме:
собственность Самарской области, запись о регистрации права 
в ЕГРН № 63-63-09/015/2014-308 
от 10.06.2014 оперативное управление, запись о регистрации права в ЕГРН № 63-63-09/015/2014-312 от 10.06.2014
";
348;"Мозаика на перегородке 13-го подъезда многоквартирного дома на проспекте Степана Разина, 87

";"Автозаводский район, пр-т Степана Разина, 87,
КН 63:09:0101169:606
";"В многоквартирном доме имеются муниципальные квартиры (по состоянию на 18.06.2024 – 
5 квартир)
";
349;"Мозаичное панно в здании Центра развития творчества детей и юношества «Истоки»

";"Комсомольский район, мкр Поволжский,
ул.60 лет СССР, 17,
МБУ ДО ЦРТДЮ «Истоки»,
КН 63:09:0201055:4652
";"Здание: 
муниципальная собственность,
запись о регистрации права 
в ЕГРН № 63-09-1/2002-4905.1 
от 12.02.2002, предоставлено в оперативное управление МБУ ДО ЦРТДЮ «Истоки», запись о регистрации права в ЕГРН № 63-63-09/125/2009-378 от 13.11.2009
";
350;"Мозаика на здании детского сада «Тополек» со стороны улицы Жилина

";"Центральный район, ул.Жилина, 52,
детский сад «Тополек», КН 63:09:0301111:3924
";"Здание: 
муниципальная собственность,
запись о регистрации права 
в ЕГРН № 63-01/09-1/2003-61176 
от 10.12.2003, предоставлено в оперативное управление МБУ «Школа № 26», запись о регистрации права 
в ЕГРН № 63-63-09/121/2007-761 
от 08.11.2007
";
351;"Мозаика в помещении плавательного бассейна ФГБУ «Федеральный научно-клинический центр медицинской радиологии и онкологии» Федераль-ного медико-биологичес-кого агентства России Тольяттинская больница филиал № 1 

";"Автозаводский район, ул.Маршала Жукова, 39,
КН 63:09:0101182:561
";"Федеральная собственность, запись о регистрации права в ЕГРН 
№ 63:09:0101182:
1352-63/009/2017-1 от 23.03.2017,
оперативное управление, запись о регистрации права в ЕГРН
№ 63:09:0101182:
1352-63/461/2021-4 
от 17.06.2021
";До конца 2010-х годов в здании располагался санаторий «Прилесье»
352;"Мозаика на корпусе бывшего пионерского лагеря «Солнечный»

";"Центральный район, Лесопарковое шоссе, 77,
КН земельного участка 63:09:0305025:24
(для дальнейшей эксплуатации профилактория «Россиянка»)
";Частная собственность;
353;"Мозаичные панно «Спас Нерукотворный» (абсида храма, восточная сторона) и «Ксения Блаженная» (фронтонный свес храма с западной стороны)

";"
Центральный район, ул.Октябрьская, 57,
Храм во имя блаженной Ксении Петербургской,
КН земельного участка (для строительства часовни), КН 63:09:0301174:103
";Частная собственность;Период создания: 2000-е годы.
354;"Мозаичное панно «Александр Невский» на первом этаже Детского просветительского центра при православ-ном приходе храма в честь Святой Троицы города Тольятти

";"Центральный район, ул.Голосова, 93А,
Детский просветительский центр при местной религиозной организации «Православный приход храма в честь Святой Троицы города Тольятти Самарской области Тольяттинской епархии Русской Православной Церкви (Московский Патриархат)», КН 63:09:0301151:686
";Частная собственность;Период создания: 2020-2021гг.
